{
  "Phương pháp kiểm tra_Update-0" : {
    "transaction" : "Phương pháp kiểm tra_Update-0",
    "sampleCount" : 1800,
    "errorCount" : 0,
    "errorPct" : 0.0,
    "meanResTime" : 57.80611111111113,
    "medianResTime" : 54.0,
    "minResTime" : 27.0,
    "maxResTime" : 316.0,
    "pct1ResTime" : 81.0,
    "pct2ResTime" : 101.0,
    "pct3ResTime" : 139.0,
    "throughput" : 5.007316245403006,
    "receivedKBytesPerSec" : 5.432742527971425,
    "sentKBytesPerSec" : 1.823954062046212
  },
  "Phương pháp kiểm tra_Update-2" : {
    "transaction" : "Phương pháp kiểm tra_Update-2",
    "sampleCount" : 1800,
    "errorCount" : 0,
    "errorPct" : 0.0,
    "meanResTime" : 52.30277777777778,
    "medianResTime" : 51.0,
    "minResTime" : 27.0,
    "maxResTime" : 225.0,
    "pct1ResTime" : 77.0,
    "pct2ResTime" : 84.94999999999982,
    "pct3ResTime" : 106.0,
    "throughput" : 5.007734167213807,
    "receivedKBytesPerSec" : 24.168185795283826,
    "sentKBytesPerSec" : 1.10522257987336
  },
  "Phương pháp kiểm tra_Update-1" : {
    "transaction" : "Phương pháp kiểm tra_Update-1",
    "sampleCount" : 1800,
    "errorCount" : 0,
    "errorPct" : 0.0,
    "meanResTime" : 62.33111111111106,
    "medianResTime" : 57.0,
    "minResTime" : 34.0,
    "maxResTime" : 359.0,
    "pct1ResTime" : 81.0,
    "pct2ResTime" : 89.0,
    "pct3ResTime" : 121.98000000000002,
    "throughput" : 5.007720235362851,
    "receivedKBytesPerSec" : 4.704518424237366,
    "sentKBytesPerSec" : 1.701842423736594
  },
  "Phương pháp kiểm tra_Delete-1" : {
    "transaction" : "Phương pháp kiểm tra_Delete-1",
    "sampleCount" : 1800,
    "errorCount" : 0,
    "errorPct" : 0.0,
    "meanResTime" : 62.02499999999998,
    "medianResTime" : 56.0,
    "minResTime" : 34.0,
    "maxResTime" : 343.0,
    "pct1ResTime" : 82.0,
    "pct2ResTime" : 90.94999999999982,
    "pct3ResTime" : 130.98000000000002,
    "throughput" : 5.008500538413808,
    "receivedKBytesPerSec" : 4.940024945115182,
    "sentKBytesPerSec" : 1.9173166123615357
  },
  "Phương pháp kiểm tra_View-0" : {
    "transaction" : "Phương pháp kiểm tra_View-0",
    "sampleCount" : 1800,
    "errorCount" : 0,
    "errorPct" : 0.0,
    "meanResTime" : 59.61777777777773,
    "medianResTime" : 54.0,
    "minResTime" : 26.0,
    "maxResTime" : 597.0,
    "pct1ResTime" : 84.0,
    "pct2ResTime" : 103.94999999999982,
    "pct3ResTime" : 218.93000000000006,
    "throughput" : 5.000652863012672,
    "receivedKBytesPerSec" : 5.425513018366287,
    "sentKBytesPerSec" : 1.0694755634763429
  },
  "Phương pháp kiểm tra_Delete-2" : {
    "transaction" : "Phương pháp kiểm tra_Delete-2",
    "sampleCount" : 1800,
    "errorCount" : 0,
    "errorPct" : 0.0,
    "meanResTime" : 52.87277777777786,
    "medianResTime" : 51.0,
    "minResTime" : 27.0,
    "maxResTime" : 347.0,
    "pct1ResTime" : 76.0,
    "pct2ResTime" : 84.0,
    "pct3ResTime" : 113.97000000000003,
    "throughput" : 5.008528410877411,
    "receivedKBytesPerSec" : 24.172018951715003,
    "sentKBytesPerSec" : 1.2227852565618678
  },
  "Phương pháp kiểm tra_View" : {
    "transaction" : "Phương pháp kiểm tra_View",
    "sampleCount" : 1800,
    "errorCount" : 0,
    "errorPct" : 0.0,
    "meanResTime" : 174.6861111111112,
    "medianResTime" : 170.0,
    "minResTime" : 102.0,
    "maxResTime" : 751.0,
    "pct1ResTime" : 217.0,
    "pct2ResTime" : 242.94999999999982,
    "pct3ResTime" : 340.0,
    "throughput" : 4.999083501358084,
    "receivedKBytesPerSec" : 34.24665113479196,
    "sentKBytesPerSec" : 3.8713605630634387
  },
  "Phương pháp kiểm tra_View-1" : {
    "transaction" : "Phương pháp kiểm tra_View-1",
    "sampleCount" : 1800,
    "errorCount" : 0,
    "errorPct" : 0.0,
    "meanResTime" : 62.608888888888856,
    "medianResTime" : 57.0,
    "minResTime" : 36.0,
    "maxResTime" : 323.0,
    "pct1ResTime" : 82.0,
    "pct2ResTime" : 90.0,
    "pct3ResTime" : 120.97000000000003,
    "throughput" : 5.007929221267006,
    "receivedKBytesPerSec" : 4.704714756698105,
    "sentKBytesPerSec" : 1.701913446289959
  },
  "Phương pháp kiểm tra_View-2" : {
    "transaction" : "Phương pháp kiểm tra_View-2",
    "sampleCount" : 1800,
    "errorCount" : 0,
    "errorPct" : 0.0,
    "meanResTime" : 52.28388888888888,
    "medianResTime" : 50.0,
    "minResTime" : 28.0,
    "maxResTime" : 197.0,
    "pct1ResTime" : 77.0,
    "pct2ResTime" : 83.0,
    "pct3ResTime" : 103.0,
    "throughput" : 5.008751401754733,
    "receivedKBytesPerSec" : 24.173095144015516,
    "sentKBytesPerSec" : 1.1054470867154
  },
  "Phương pháp kiểm tra_Delete-0" : {
    "transaction" : "Phương pháp kiểm tra_Delete-0",
    "sampleCount" : 1800,
    "errorCount" : 0,
    "errorPct" : 0.0,
    "meanResTime" : 56.92666666666658,
    "medianResTime" : 54.0,
    "minResTime" : 27.0,
    "maxResTime" : 251.0,
    "pct1ResTime" : 78.0,
    "pct2ResTime" : 92.94999999999982,
    "pct3ResTime" : 121.0,
    "throughput" : 5.008096422549789,
    "receivedKBytesPerSec" : 5.883535152663472,
    "sentKBytesPerSec" : 1.687298111112966
  },
  "Phương pháp kiểm tra_Add" : {
    "transaction" : "Phương pháp kiểm tra_Add",
    "sampleCount" : 1800,
    "errorCount" : 0,
    "errorPct" : 0.0,
    "meanResTime" : 174.13166666666686,
    "medianResTime" : 169.0,
    "minResTime" : 102.0,
    "maxResTime" : 479.0,
    "pct1ResTime" : 219.0,
    "pct2ResTime" : 246.94999999999982,
    "pct3ResTime" : 317.99,
    "throughput" : 5.005227682245901,
    "receivedKBytesPerSec" : 34.28874237397949,
    "sentKBytesPerSec" : 4.619082187228884
  },
  "Phương pháp kiểm tra_Add-2" : {
    "transaction" : "Phương pháp kiểm tra_Add-2",
    "sampleCount" : 1800,
    "errorCount" : 0,
    "errorPct" : 0.0,
    "meanResTime" : 52.69555555555557,
    "medianResTime" : 51.0,
    "minResTime" : 27.0,
    "maxResTime" : 201.0,
    "pct1ResTime" : 75.0,
    "pct2ResTime" : 85.0,
    "pct3ResTime" : 118.99000000000001,
    "throughput" : 5.0072465985495676,
    "receivedKBytesPerSec" : 24.16583270510934,
    "sentKBytesPerSec" : 1.10511497194551
  },
  "Phương pháp kiểm tra_Add-1" : {
    "transaction" : "Phương pháp kiểm tra_Add-1",
    "sampleCount" : 1800,
    "errorCount" : 0,
    "errorPct" : 0.0,
    "meanResTime" : 63.46166666666664,
    "medianResTime" : 58.0,
    "minResTime" : 35.0,
    "maxResTime" : 370.0,
    "pct1ResTime" : 83.0,
    "pct2ResTime" : 92.0,
    "pct3ResTime" : 153.92000000000007,
    "throughput" : 5.0069262479763665,
    "receivedKBytesPerSec" : 4.703772510305923,
    "sentKBytesPerSec" : 1.7015725920857185
  },
  "Phương pháp kiểm tra_Update" : {
    "transaction" : "Phương pháp kiểm tra_Update",
    "sampleCount" : 1800,
    "errorCount" : 0,
    "errorPct" : 0.0,
    "meanResTime" : 172.62111111111156,
    "medianResTime" : 169.0,
    "minResTime" : 99.0,
    "maxResTime" : 497.0,
    "pct1ResTime" : 214.9000000000001,
    "pct2ResTime" : 234.94999999999982,
    "pct3ResTime" : 304.0,
    "throughput" : 5.00572877849094,
    "receivedKBytesPerSec" : 34.29217517686908,
    "sentKBytesPerSec" : 4.62932143870207
  },
  "Phương pháp kiểm tra_Delete" : {
    "transaction" : "Phương pháp kiểm tra_Delete",
    "sampleCount" : 1800,
    "errorCount" : 0,
    "errorPct" : 0.0,
    "meanResTime" : 172.02055555555535,
    "medianResTime" : 168.0,
    "minResTime" : 105.0,
    "maxResTime" : 489.0,
    "pct1ResTime" : 211.0,
    "pct2ResTime" : 229.94999999999982,
    "pct3ResTime" : 300.98,
    "throughput" : 5.006592012816876,
    "receivedKBytesPerSec" : 34.98258383955541,
    "sentKBytesPerSec" : 4.825689762353766
  },
  "Phương pháp kiểm tra_Add-0" : {
    "transaction" : "Phương pháp kiểm tra_Add-0",
    "sampleCount" : 1800,
    "errorCount" : 0,
    "errorPct" : 0.0,
    "meanResTime" : 57.81388888888894,
    "medianResTime" : 53.0,
    "minResTime" : 26.0,
    "maxResTime" : 309.0,
    "pct1ResTime" : 81.0,
    "pct2ResTime" : 95.0,
    "pct3ResTime" : 146.99,
    "throughput" : 5.007163024882818,