{
  "Phương pháp kiểm tra_Update-0" : {
    "transaction" : "Phương pháp kiểm tra_Update-0",
    "sampleCount" : 300,
    "errorCount" : 0,
    "errorPct" : 0.0,
    "meanResTime" : 53.93333333333332,
    "medianResTime" : 50.0,
    "minResTime" : 28.0,
    "maxResTime" : 301.0,
    "pct1ResTime" : 74.0,
    "pct2ResTime" : 81.0,
    "pct3ResTime" : 108.98000000000002,
    "throughput" : 5.020248334950969,
    "receivedKBytesPerSec" : 5.446773339971217,
    "sentKBytesPerSec" : 1.828664676696007
  },
  "Phương pháp kiểm tra_Update-2" : {
    "transaction" : "Phương pháp kiểm tra_Update-2",
    "sampleCount" : 300,
    "errorCount" : 0,
    "errorPct" : 0.0,
    "meanResTime" : 47.30333333333334,
    "medianResTime" : 45.0,
    "minResTime" : 28.0,
    "maxResTime" : 116.0,
    "pct1ResTime" : 62.900000000000034,
    "pct2ResTime" : 73.89999999999998,
    "pct3ResTime" : 87.93000000000006,
    "throughput" : 5.019324398935903,
    "receivedKBytesPerSec" : 24.224122245645738,
    "sentKBytesPerSec" : 1.1077805802339005
  },
  "Phương pháp kiểm tra_Update-1" : {
    "transaction" : "Phương pháp kiểm tra_Update-1",
    "sampleCount" : 300,
    "errorCount" : 0,
    "errorPct" : 0.0,
    "meanResTime" : 61.12999999999998,
    "medianResTime" : 55.0,
    "minResTime" : 37.0,
    "maxResTime" : 342.0,
    "pct1ResTime" : 80.0,
    "pct2ResTime" : 94.0,
    "pct3ResTime" : 126.99000000000001,
    "throughput" : 5.022769890168765,
    "receivedKBytesPerSec" : 4.718656869474953,
    "sentKBytesPerSec" : 1.7069569548620411
  },
  "Phương pháp kiểm tra_Delete-1" : {
    "transaction" : "Phương pháp kiểm tra_Delete-1",
    "sampleCount" : 300,
    "errorCount" : 0,
    "errorPct" : 0.0,
    "meanResTime" : 58.1733333333333,
    "medianResTime" : 52.0,
    "minResTime" : 35.0,
    "maxResTime" : 359.0,
    "pct1ResTime" : 77.0,
    "pct2ResTime" : 85.94999999999999,
    "pct3ResTime" : 105.98000000000002,
    "throughput" : 5.020584396023697,
    "receivedKBytesPerSec" : 4.951943593734311,
    "sentKBytesPerSec" : 1.9219424641028215
  },
  "Phương pháp kiểm tra_View-0" : {
    "transaction" : "Phương pháp kiểm tra_View-0",
    "sampleCount" : 300,
    "errorCount" : 0,
    "errorPct" : 0.0,
    "meanResTime" : 67.67333333333333,
    "medianResTime" : 53.0,
    "minResTime" : 29.0,
    "maxResTime" : 408.0,
    "pct1ResTime" : 93.0,
    "pct2ResTime" : 220.34999999999985,
    "pct3ResTime" : 284.95000000000005,
    "throughput" : 5.020332346001306,
    "receivedKBytesPerSec" : 5.446864488679151,
    "sentKBytesPerSec" : 1.0736843591545762
  },
  "Phương pháp kiểm tra_Delete-2" : {
    "transaction" : "Phương pháp kiểm tra_Delete-2",
    "sampleCount" : 300,
    "errorCount" : 0,
    "errorPct" : 0.0,
    "meanResTime" : 47.67000000000003,
    "medianResTime" : 47.0,
    "minResTime" : 28.0,
    "maxResTime" : 121.0,
    "pct1ResTime" : 66.0,
    "pct2ResTime" : 76.94999999999999,
    "pct3ResTime" : 98.94000000000005,
    "throughput" : 5.020332346001306,
    "receivedKBytesPerSec" : 24.228986771424267,
    "sentKBytesPerSec" : 1.225667076660475
  },
  "Phương pháp kiểm tra_View" : {
    "transaction" : "Phương pháp kiểm tra_View",
    "sampleCount" : 300,
    "errorCount" : 0,
    "errorPct" : 0.0,
    "meanResTime" : 176.0433333333332,
    "medianResTime" : 162.0,
    "minResTime" : 108.0,
    "maxResTime" : 557.0,
    "pct1ResTime" : 233.7000000000001,
    "pct2ResTime" : 316.95,
    "pct3ResTime" : 422.9000000000001,
    "throughput" : 5.010856856522465,
    "receivedKBytesPerSec" : 34.32730551611826,
    "sentKBytesPerSec" : 3.8804780148655422
  },
  "Phương pháp kiểm tra_View-1" : {
    "transaction" : "Phương pháp kiểm tra_View-1",
    "sampleCount" : 300,
    "errorCount" : 0,
    "errorPct" : 0.0,
    "meanResTime" : 60.97333333333332,
    "medianResTime" : 56.0,
    "minResTime" : 36.0,
    "maxResTime" : 127.0,
    "pct1ResTime" : 79.90000000000003,
    "pct2ResTime" : 89.94999999999999,
    "pct3ResTime" : 123.88000000000011,
    "throughput" : 5.049739938393173,
    "receivedKBytesPerSec" : 4.743993965560774,
    "sentKBytesPerSec" : 1.7161225571883048
  },
  "Phương pháp kiểm tra_View-2" : {
    "transaction" : "Phương pháp kiểm tra_View-2",
    "sampleCount" : 300,
    "errorCount" : 0,
    "errorPct" : 0.0,
    "meanResTime" : 47.236666666666665,
    "medianResTime" : 46.0,
    "minResTime" : 29.0,
    "maxResTime" : 102.0,
    "pct1ResTime" : 62.0,
    "pct2ResTime" : 71.94999999999999,
    "pct3ResTime" : 100.96000000000004,
    "throughput" : 5.0533124463085555,
    "receivedKBytesPerSec" : 24.3881544039618,
    "sentKBytesPerSec" : 1.1152818485016929
  },
  "Phương pháp kiểm tra_Delete-0" : {
    "transaction" : "Phương pháp kiểm tra_Delete-0",
    "sampleCount" : 300,
    "errorCount" : 0,
    "errorPct" : 0.0,
    "meanResTime" : 53.44333333333335,
    "medianResTime" : 51.0,
    "minResTime" : 28.0,
    "maxResTime" : 272.0,
    "pct1ResTime" : 74.0,
    "pct2ResTime" : 79.94999999999999,
    "pct3ResTime" : 113.99000000000001,
    "throughput" : 5.019324398935903,
    "receivedKBytesPerSec" : 5.896725831953019,
    "sentKBytesPerSec" : 1.691080974250866
  },
  "Phương pháp kiểm tra_Add" : {
    "transaction" : "Phương pháp kiểm tra_Add",
    "sampleCount" : 300,
    "errorCount" : 0,
    "errorPct" : 0.0,
    "meanResTime" : 156.55333333333334,
    "medianResTime" : 152.0,
    "minResTime" : 103.0,
    "maxResTime" : 311.0,
    "pct1ResTime" : 189.90000000000003,
    "pct2ResTime" : 209.74999999999994,
    "pct3ResTime" : 250.97000000000003,
    "throughput" : 5.031530927143432,
    "receivedKBytesPerSec" : 34.46893501358513,
    "sentKBytesPerSec" : 4.643356177881389
  },
  "Phương pháp kiểm tra_Add-2" : {
    "transaction" : "Phương pháp kiểm tra_Add-2",
    "sampleCount" : 300,
    "errorCount" : 0,
    "errorPct" : 0.0,
    "meanResTime" : 46.96,
    "medianResTime" : 45.0,
    "minResTime" : 28.0,
    "maxResTime" : 98.0,
    "pct1ResTime" : 62.900000000000034,
    "pct2ResTime" : 75.94999999999999,
    "pct3ResTime" : 82.98000000000002,
    "throughput" : 5.042271038875909,
    "receivedKBytesPerSec" : 24.334866673949946,
    "sentKBytesPerSec" : 1.1128449753769099
  },
  "Phương pháp kiểm tra_Add-1" : {
    "transaction" : "Phương pháp kiểm tra_Add-1",
    "sampleCount" : 300,
    "errorCount" : 0,
    "errorPct" : 0.0,
    "meanResTime" : 57.4533333333333,
    "medianResTime" : 52.0,
    "minResTime" : 36.0,
    "maxResTime" : 128.0,
    "pct1ResTime" : 77.0,
    "pct2ResTime" : 86.94999999999999,
    "pct3ResTime" : 119.98000000000002,
    "throughput" : 5.04142369805233,
    "receivedKBytesPerSec" : 4.736181247584318,
    "sentKBytesPerSec" : 1.7132963348849717
  },
  "Phương pháp kiểm tra_Update" : {
    "transaction" : "Phương pháp kiểm tra_Update",
    "sampleCount" : 300,
    "errorCount" : 0,
    "errorPct" : 0.0,
    "meanResTime" : 162.53999999999994,
    "medianResTime" : 157.5,
    "minResTime" : 108.0,
    "maxResTime" : 500.0,
    "pct1ResTime" : 202.7000000000001,
    "pct2ResTime" : 228.79999999999995,
    "pct3ResTime" : 270.99,
    "throughput" : 5.008681714972619,
    "receivedKBytesPerSec" : 34.312404522004805,
    "sentKBytesPerSec" : 4.632052328202217
  },
  "Phương pháp kiểm tra_Delete" : {
    "transaction" : "Phương pháp kiểm tra_Delete",
    "sampleCount" : 300,
    "errorCount" : 0,
    "errorPct" : 0.0,
    "meanResTime" : 159.4466666666667,
    "medianResTime" : 153.0,
    "minResTime" : 106.0,
    "maxResTime" : 487.0,
    "pct1ResTime" : 195.90000000000003,
    "pct2ResTime" : 219.0,
    "pct3ResTime" : 261.99,
    "throughput" : 5.007511266900351,
    "receivedKBytesPerSec" : 34.98900694792189,
    "sentKBytesPerSec" : 4.826575801201803
  },
  "Phương pháp kiểm tra_Add-0" : {
    "transaction" : "Phương pháp kiểm tra_Add-0",
    "sampleCount" : 300,
    "errorCount" : 0,
    "errorPct" : 0.0,
    "meanResTime" : 52.023333333333326,
    "medianResTime" : 49.5,
    "minResTime" : 27.0,