{
  "AddLSX-1" : {
    "transaction" : "AddLSX-1",
    "sampleCount" : 100,
    "errorCount" : 0,
    "errorPct" : 0.0,
    "meanResTime" : 74.82000000000002,
    "medianResTime" : 54.0,
    "minResTime" : 39.0,
    "maxResTime" : 532.0,
    "pct1ResTime" : 93.80000000000001,
    "pct2ResTime" : 122.24999999999983,
    "pct3ResTime" : 531.3299999999997,
    "throughput" : 3.2801941874958995,
    "receivedKBytesPerSec" : 3.087995309322312,
    "sentKBytesPerSec" : 1.1211601226792627
  },
  "AddLSX-2" : {
    "transaction" : "AddLSX-2",
    "sampleCount" : 100,
    "errorCount" : 0,
    "errorPct" : 0.0,
    "meanResTime" : 94.27,
    "medianResTime" : 49.0,
    "minResTime" : 25.0,
    "maxResTime" : 1335.0,
    "pct1ResTime" : 85.0,
    "pct2ResTime" : 403.59999999999627,
    "pct3ResTime" : 1332.4899999999986,
    "throughput" : 3.283640901031063,
    "receivedKBytesPerSec" : 15.847415364155776,
    "sentKBytesPerSec" : 0.7279164888027845
  },
  "Receive_LSX-1" : {
    "transaction" : "Receive_LSX-1",
    "sampleCount" : 100,
    "errorCount" : 0,
    "errorPct" : 0.0,
    "meanResTime" : 69.00999999999999,
    "medianResTime" : 56.5,
    "minResTime" : 38.0,
    "maxResTime" : 488.0,
    "pct1ResTime" : 89.0,
    "pct2ResTime" : 94.89999999999998,
    "pct3ResTime" : 486.14999999999907,
    "throughput" : 3.277184243298158,
    "receivedKBytesPerSec" : 3.0851617290424067,
    "sentKBytesPerSec" : 1.1201313331585503
  },
  "AddLSX-0" : {
    "transaction" : "AddLSX-0",
    "sampleCount" : 100,
    "errorCount" : 0,
    "errorPct" : 0.0,
    "meanResTime" : 80.72000000000001,
    "medianResTime" : 54.0,
    "minResTime" : 27.0,
    "maxResTime" : 617.0,
    "pct1ResTime" : 135.9,
    "pct2ResTime" : 345.39999999999895,
    "pct3ResTime" : 614.7899999999988,
    "throughput" : 3.3233632436025258,
    "receivedKBytesPerSec" : 3.6187011881023596,
    "sentKBytesPerSec" : 1.343625373878365
  },
  "Receive_LSX-0" : {
    "transaction" : "Receive_LSX-0",
    "sampleCount" : 100,
    "errorCount" : 0,
    "errorPct" : 0.0,
    "meanResTime" : 70.27000000000001,
    "medianResTime" : 53.5,
    "minResTime" : 30.0,
    "maxResTime" : 408.0,
    "pct1ResTime" : 94.50000000000003,
    "pct2ResTime" : 146.5999999999999,
    "pct3ResTime" : 407.81999999999994,
    "throughput" : 3.272893892779996,
    "receivedKBytesPerSec" : 3.563746768017281,
    "sentKBytesPerSec" : 1.3360055148262093
  },
  "Receive_LSX-2" : {
    "transaction" : "Receive_LSX-2",
    "sampleCount" : 100,
    "errorCount" : 0,
    "errorPct" : 0.0,
    "meanResTime" : 62.379999999999995,
    "medianResTime" : 50.0,
    "minResTime" : 27.0,
    "maxResTime" : 652.0,
    "pct1ResTime" : 73.9,
    "pct2ResTime" : 94.59999999999991,
    "pct3ResTime" : 649.4799999999987,
    "throughput" : 3.2815935418239097,
    "receivedKBytesPerSec" : 15.83753445673219,
    "sentKBytesPerSec" : 0.7274626308535425
  },
  "AddLSX" : {
    "transaction" : "AddLSX",
    "sampleCount" : 100,
    "errorCount" : 0,
    "errorPct" : 0.0,
    "meanResTime" : 250.01999999999995,
    "medianResTime" : 166.5,
    "minResTime" : 113.0,
    "maxResTime" : 1808.0,
    "pct1ResTime" : 289.1,
    "pct2ResTime" : 840.1499999999992,
    "pct3ResTime" : 1807.78,
    "throughput" : 3.2590275061921523,
    "receivedKBytesPerSec" : 22.345343868139746,
    "sentKBytesPerSec" : 3.154000252574632
  },
  "WorkOrder-1" : {
    "transaction" : "WorkOrder-1",
    "sampleCount" : 100,
    "errorCount" : 0,
    "errorPct" : 0.0,
    "meanResTime" : 78.47000000000001,
    "medianResTime" : 56.5,
    "minResTime" : 40.0,
    "maxResTime" : 617.0,
    "pct1ResTime" : 92.0,
    "pct2ResTime" : 288.7999999999995,
    "pct3ResTime" : 615.049999999999,
    "throughput" : 3.3280085197018106,
    "receivedKBytesPerSec" : 3.1330080205005326,
    "sentKBytesPerSec" : 1.137502912007455
  },
  "WorkOrder-0" : {
    "transaction" : "WorkOrder-0",
    "sampleCount" : 100,
    "errorCount" : 0,
    "errorPct" : 0.0,
    "meanResTime" : 101.07999999999997,
    "medianResTime" : 57.5,
    "minResTime" : 30.0,
    "maxResTime" : 742.0,
    "pct1ResTime" : 236.80000000000007,
    "pct2ResTime" : 390.1499999999996,
    "pct3ResTime" : 740.2999999999992,
    "throughput" : 3.2933737320511134,
    "receivedKBytesPerSec" : 3.586046593004874,
    "sentKBytesPerSec" : 0.7075607627453563
  },
  "WorkOrder-2" : {
    "transaction" : "WorkOrder-2",
    "sampleCount" : 100,
    "errorCount" : 0,
    "errorPct" : 0.0,
    "meanResTime" : 99.41000000000001,
    "medianResTime" : 51.5,
    "minResTime" : 26.0,
    "maxResTime" : 1350.0,
    "pct1ResTime" : 86.70000000000002,
    "pct2ResTime" : 118.74999999999972,
    "pct3ResTime" : 1348.089999999999,
    "throughput" : 3.332888948140248,
    "receivedKBytesPerSec" : 16.0850949040128,
    "sentKBytesPerSec" : 0.7388337804959338
  },
  "productDelivery_LSX" : {
    "transaction" : "productDelivery_LSX",
    "sampleCount" : 100,
    "errorCount" : 0,
    "errorPct" : 0.0,
    "meanResTime" : 200.13000000000002,
    "medianResTime" : 165.0,
    "minResTime" : 107.0,
    "maxResTime" : 1042.0,
    "pct1ResTime" : 248.80000000000007,
    "pct2ResTime" : 373.84999999999883,
    "pct3ResTime" : 1039.6299999999987,
    "throughput" : 3.257328990228013,
    "receivedKBytesPerSec" : 22.33369808631922,
    "sentKBytesPerSec" : 2.9392304560260585
  },
  "WorkOrder" : {
    "transaction" : "WorkOrder",
    "sampleCount" : 100,
    "errorCount" : 0,
    "errorPct" : 0.0,
    "meanResTime" : 279.13000000000005,
    "medianResTime" : 169.0,
    "minResTime" : 121.0,
    "maxResTime" : 1842.0,
    "pct1ResTime" : 524.1000000000005,
    "pct2ResTime" : 1066.4499999999962,
    "pct3ResTime" : 1841.3699999999997,
    "throughput" : 3.2782585890375033,
    "receivedKBytesPerSec" : 22.477200735969053,
    "sentKBytesPerSec" : 2.5515352494754784
  },
  "productDelivery_LSX-2" : {
    "transaction" : "productDelivery_LSX-2",
    "sampleCount" : 100,
    "errorCount" : 0,
    "errorPct" : 0.0,
    "meanResTime" : 63.57000000000001,
    "medianResTime" : 48.0,
    "minResTime" : 26.0,
    "maxResTime" : 660.0,
    "pct1ResTime" : 82.70000000000002,
    "pct2ResTime" : 96.89999999999998,
    "pct3ResTime" : 657.0799999999986,
    "throughput" : 3.278796026099216,
    "receivedKBytesPerSec" : 15.824033165021804,
    "sentKBytesPerSec" : 0.7268424784419162
  },
  "productDelivery_LSX-1" : {
    "transaction" : "productDelivery_LSX-1",
    "sampleCount" : 100,
    "errorCount" : 0,
    "errorPct" : 0.0,
    "meanResTime" : 77.48000000000002,
    "medianResTime" : 57.0,
    "minResTime" : 35.0,
    "maxResTime" : 632.0,
    "pct1ResTime" : 90.80000000000001,
    "pct2ResTime" : 116.94999999999999,
    "pct3ResTime" : 631.8299999999999,
    "throughput" : 3.274287024000524,
    "receivedKBytesPerSec" : 3.0824342686879933,
    "sentKBytesPerSec" : 1.119141072656429
  },
  "Total" : {
    "transaction" : "Total",
    "sampleCount" : 1600,
    "errorCount" : 0,
    "errorPct" : 0.0,
    "meanResTime" : 116.34375000000004,
    "medianResTime" : 65.0,
    "minResTime" : 25.0,
    "maxResTime" : 1842.0,
    "pct1ResTime" : 196.0,
    "pct2ResTime" : 297.9499999999998,
    "pct3ResTime" : 1024.990000000001,
    "throughput" : 50.30971920887966,
    "receivedKBytesPerSec" : 172.4729192214571,
    "sentKBytesPerSec" : 22.765884900795523
  },
  "productDelivery_LSX-0" : {
    "transaction" : "productDelivery_LSX-0",
    "sampleCount" : 100,
    "errorCount" : 0,
    "errorPct" : 0.0,
    "meanResTime" : 58.940000000000005,
    "medianResTime" : 54.0,
    "minResTime" : 28.0,
    "maxResTime" : 137.0,
    "pct1ResTime" : 85.9,
    "pct2ResTime" : 112.04999999999978,
    "pct3ResTime" : 136.98,
    "throughput" : 3.2719301115728165,
    "receivedKBytesPerSec" : 3.5626973382848544,
    "sentKBytesPerSec" : 1.1087497546052416
  },
  "Receive_LSX" : {
    "transaction" : "Receive_LSX",
    "sampleCount" : 100,
    "errorCount" : 0,
    "errorPct" : 0.0,