{
  "Phương pháp kiểm tra_Update-0" : {
    "transaction" : "Phương pháp kiểm tra_Update-0",
    "sampleCount" : 300,
    "errorCount" : 0,
    "errorPct" : 0.0,
    "meanResTime" : 47.74666666666667,
    "medianResTime" : 38.0,
    "minResTime" : 24.0,
    "maxResTime" : 409.0,
    "pct1ResTime" : 70.0,
    "pct2ResTime" : 99.0,
    "pct3ResTime" : 303.7800000000002,
    "throughput" : 7.20876585928489,
    "receivedKBytesPerSec" : 7.821229364907728,
    "sentKBytesPerSec" : 2.625849282727797
  },
  "Phương pháp kiểm tra_Update-2" : {
    "transaction" : "Phương pháp kiểm tra_Update-2",
    "sampleCount" : 300,
    "errorCount" : 0,
    "errorPct" : 0.0,
    "meanResTime" : 46.0366666666667,
    "medianResTime" : 35.0,
    "minResTime" : 24.0,
    "maxResTime" : 704.0,
    "pct1ResTime" : 59.0,
    "pct2ResTime" : 72.94999999999999,
    "pct3ResTime" : 321.39000000000055,
    "throughput" : 7.225955632632416,
    "receivedKBytesPerSec" : 34.87370384420839,
    "sentKBytesPerSec" : 1.594790989233326
  },
  "Phương pháp kiểm tra_Update-1" : {
    "transaction" : "Phương pháp kiểm tra_Update-1",
    "sampleCount" : 300,
    "errorCount" : 0,
    "errorPct" : 0.0,
    "meanResTime" : 58.923333333333325,
    "medianResTime" : 47.0,
    "minResTime" : 32.0,
    "maxResTime" : 614.0,
    "pct1ResTime" : 78.0,
    "pct2ResTime" : 94.89999999999998,
    "pct3ResTime" : 360.5500000000004,
    "throughput" : 7.21795828020114,
    "receivedKBytesPerSec" : 6.780933462454587,
    "sentKBytesPerSec" : 2.452978009287106
  },
  "Phương pháp kiểm tra_Delete-1" : {
    "transaction" : "Phương pháp kiểm tra_Delete-1",
    "sampleCount" : 300,
    "errorCount" : 0,
    "errorPct" : 0.0,
    "meanResTime" : 55.23,
    "medianResTime" : 48.0,
    "minResTime" : 32.0,
    "maxResTime" : 446.0,
    "pct1ResTime" : 75.90000000000003,
    "pct2ResTime" : 93.0,
    "pct3ResTime" : 169.85000000000014,
    "throughput" : 7.213792771779643,
    "receivedKBytesPerSec" : 7.115166698727967,
    "sentKBytesPerSec" : 2.7615300454468943
  },
  "Phương pháp kiểm tra_View-0" : {
    "transaction" : "Phương pháp kiểm tra_View-0",
    "sampleCount" : 300,
    "errorCount" : 0,
    "errorPct" : 0.0,
    "meanResTime" : 58.52333333333337,
    "medianResTime" : 37.0,
    "minResTime" : 24.0,
    "maxResTime" : 870.0,
    "pct1ResTime" : 70.90000000000003,
    "pct2ResTime" : 167.5999999999999,
    "pct3ResTime" : 563.5200000000013,
    "throughput" : 7.02543206407194,
    "receivedKBytesPerSec" : 7.622319358578053,
    "sentKBytesPerSec" : 1.5025093965153857
  },
  "Phương pháp kiểm tra_Delete-2" : {
    "transaction" : "Phương pháp kiểm tra_Delete-2",
    "sampleCount" : 300,
    "errorCount" : 0,
    "errorPct" : 0.0,
    "meanResTime" : 46.67666666666663,
    "medianResTime" : 35.5,
    "minResTime" : 25.0,
    "maxResTime" : 743.0,
    "pct1ResTime" : 60.0,
    "pct2ResTime" : 72.0,
    "pct3ResTime" : 374.50000000000045,
    "throughput" : 7.224041610479676,
    "receivedKBytesPerSec" : 34.86446644432672,
    "sentKBytesPerSec" : 1.7636820338085148
  },
  "Phương pháp kiểm tra_View" : {
    "transaction" : "Phương pháp kiểm tra_View",
    "sampleCount" : 300,
    "errorCount" : 0,
    "errorPct" : 0.0,
    "meanResTime" : 165.58333333333348,
    "medianResTime" : 122.5,
    "minResTime" : 89.0,
    "maxResTime" : 1284.0,
    "pct1ResTime" : 205.30000000000024,
    "pct2ResTime" : 410.1499999999998,
    "pct3ResTime" : 1053.4200000000005,
    "throughput" : 7.001657058837258,
    "receivedKBytesPerSec" : 47.96545338646813,
    "sentKBytesPerSec" : 5.4221816871659625
  },
  "Phương pháp kiểm tra_View-1" : {
    "transaction" : "Phương pháp kiểm tra_View-1",
    "sampleCount" : 300,
    "errorCount" : 0,
    "errorPct" : 0.0,
    "meanResTime" : 56.286666666666676,
    "medianResTime" : 48.0,
    "minResTime" : 33.0,
    "maxResTime" : 575.0,
    "pct1ResTime" : 71.0,
    "pct2ResTime" : 88.89999999999998,
    "pct3ResTime" : 301.82000000000016,
    "throughput" : 7.103786318107551,
    "receivedKBytesPerSec" : 6.673674255878383,
    "sentKBytesPerSec" : 2.4141773815443632
  },
  "Phương pháp kiểm tra_View-2" : {
    "transaction" : "Phương pháp kiểm tra_View-2",
    "sampleCount" : 300,
    "errorCount" : 0,
    "errorPct" : 0.0,
    "meanResTime" : 50.626666666666665,
    "medianResTime" : 34.5,
    "minResTime" : 25.0,
    "maxResTime" : 753.0,
    "pct1ResTime" : 56.0,
    "pct2ResTime" : 68.94999999999999,
    "pct3ResTime" : 677.4600000000005,
    "throughput" : 7.111026832274581,
    "receivedKBytesPerSec" : 34.31903770029392,
    "sentKBytesPerSec" : 1.5694258438418507
  },
  "Phương pháp kiểm tra_Delete-0" : {
    "transaction" : "Phương pháp kiểm tra_Delete-0",
    "sampleCount" : 300,
    "errorCount" : 0,
    "errorPct" : 0.0,
    "meanResTime" : 49.83666666666663,
    "medianResTime" : 38.0,
    "minResTime" : 24.0,
    "maxResTime" : 612.0,
    "pct1ResTime" : 68.0,
    "pct2ResTime" : 115.74999999999994,
    "pct3ResTime" : 386.51000000000045,
    "throughput" : 7.210845111047015,
    "receivedKBytesPerSec" : 8.471334637294492,
    "sentKBytesPerSec" : 2.4294351204211133
  },
  "Phương pháp kiểm tra_Add" : {
    "transaction" : "Phương pháp kiểm tra_Add",
    "sampleCount" : 300,
    "errorCount" : 0,
    "errorPct" : 0.0,
    "meanResTime" : 155.82333333333335,
    "medianResTime" : 122.0,
    "minResTime" : 90.0,
    "maxResTime" : 1200.0,
    "pct1ResTime" : 185.7000000000001,
    "pct2ResTime" : 273.7499999999997,
    "pct3ResTime" : 1105.1600000000017,
    "throughput" : 7.0754716981132075,
    "receivedKBytesPerSec" : 48.47112691627358,
    "sentKBytesPerSec" : 6.529610112028302
  },
  "Phương pháp kiểm tra_Add-2" : {
    "transaction" : "Phương pháp kiểm tra_Add-2",
    "sampleCount" : 300,
    "errorCount" : 0,
    "errorPct" : 0.0,
    "meanResTime" : 45.23666666666666,
    "medianResTime" : 35.0,
    "minResTime" : 24.0,
    "maxResTime" : 685.0,
    "pct1ResTime" : 56.900000000000034,
    "pct2ResTime" : 69.94999999999999,
    "pct3ResTime" : 331.8100000000002,
    "throughput" : 7.224737501204123,
    "receivedKBytesPerSec" : 34.867824932569114,
    "sentKBytesPerSec" : 1.594522143820441
  },
  "Phương pháp kiểm tra_Add-1" : {
    "transaction" : "Phương pháp kiểm tra_Add-1",
    "sampleCount" : 300,
    "errorCount" : 0,
    "errorPct" : 0.0,
    "meanResTime" : 59.53999999999998,
    "medianResTime" : 47.0,
    "minResTime" : 32.0,
    "maxResTime" : 677.0,
    "pct1ResTime" : 73.90000000000003,
    "pct2ResTime" : 90.89999999999998,
    "pct3ResTime" : 379.93000000000006,
    "throughput" : 7.177720356014929,
    "receivedKBytesPerSec" : 6.743131818834338,
    "sentKBytesPerSec" : 2.4393034022394486
  },
  "Phương pháp kiểm tra_Update" : {
    "transaction" : "Phương pháp kiểm tra_Update",
    "sampleCount" : 300,
    "errorCount" : 0,
    "errorPct" : 0.0,
    "meanResTime" : 152.84666666666678,
    "medianResTime" : 125.5,
    "minResTime" : 89.0,
    "maxResTime" : 1109.0,
    "pct1ResTime" : 190.7000000000001,
    "pct2ResTime" : 269.6499999999999,
    "pct3ResTime" : 870.1900000000016,
    "throughput" : 7.184252119354375,
    "receivedKBytesPerSec" : 49.21633654030365,
    "sentKBytesPerSec" : 6.644030036160736
  },
  "Phương pháp kiểm tra_Delete" : {
    "transaction" : "Phương pháp kiểm tra_Delete",
    "sampleCount" : 300,
    "errorCount" : 0,
    "errorPct" : 0.0,
    "meanResTime" : 151.88666666666666,
    "medianResTime" : 123.5,
    "minResTime" : 91.0,
    "maxResTime" : 832.0,
    "pct1ResTime" : 199.0,
    "pct2ResTime" : 281.95,
    "pct3ResTime" : 743.6400000000003,
    "throughput" : 7.186145112223633,
    "receivedKBytesPerSec" : 50.2117854276954,
    "sentKBytesPerSec" : 6.926489478285865
  },
  "Phương pháp kiểm tra_Add-0" : {
    "transaction" : "Phương pháp kiểm tra_Add-0",
    "sampleCount" : 300,
    "errorCount" : 0,
    "errorPct" : 0.0,
    "meanResTime" : 50.87666666666667,
    "medianResTime" : 37.0,
    "minResTime" : 24.0,