{
  "MD Sản xuất_Delete-2" : {
    "transaction" : "MD Sản xuất_Delete-2",
    "sampleCount" : 200,
    "errorCount" : 0,
    "errorPct" : 0.0,
    "meanResTime" : 38.484999999999985,
    "medianResTime" : 34.0,
    "minResTime" : 26.0,
    "maxResTime" : 182.0,
    "pct1ResTime" : 52.0,
    "pct2ResTime" : 63.0,
    "pct3ResTime" : 126.64000000000033,
    "throughput" : 14.028196675317389,
    "receivedKBytesPerSec" : 67.70248825138529,
    "sentKBytesPerSec" : 3.2604597741460335
  },
  "MD Sản xuất_Update-1" : {
    "transaction" : "MD Sản xuất_Update-1",
    "sampleCount" : 200,
    "errorCount" : 0,
    "errorPct" : 0.0,
    "meanResTime" : 52.78499999999999,
    "medianResTime" : 44.0,
    "minResTime" : 32.0,
    "maxResTime" : 1040.0,
    "pct1ResTime" : 63.0,
    "pct2ResTime" : 81.89999999999998,
    "pct3ResTime" : 117.99000000000001,
    "throughput" : 14.141271300289896,
    "receivedKBytesPerSec" : 13.312681185038535,
    "sentKBytesPerSec" : 4.833442338966273
  },
  "MD Sản xuất_Update-0" : {
    "transaction" : "MD Sản xuất_Update-0",
    "sampleCount" : 200,
    "errorCount" : 0,
    "errorPct" : 0.0,
    "meanResTime" : 58.97499999999997,
    "medianResTime" : 34.0,
    "minResTime" : 24.0,
    "maxResTime" : 1002.0,
    "pct1ResTime" : 52.900000000000006,
    "pct2ResTime" : 68.94999999999999,
    "pct3ResTime" : 1001.97,
    "throughput" : 14.197487044793071,
    "receivedKBytesPerSec" : 15.45917778803152,
    "sentKBytesPerSec" : 4.900767329807624
  },
  "MD Sản xuất_Update-2" : {
    "transaction" : "MD Sản xuất_Update-2",
    "sampleCount" : 200,
    "errorCount" : 0,
    "errorPct" : 0.0,
    "meanResTime" : 53.76,
    "medianResTime" : 34.0,
    "minResTime" : 26.0,
    "maxResTime" : 1076.0,
    "pct1ResTime" : 56.0,
    "pct2ResTime" : 68.94999999999999,
    "pct3ResTime" : 1051.6000000000004,
    "throughput" : 14.132278123233466,
    "receivedKBytesPerSec" : 68.20480320802714,
    "sentKBytesPerSec" : 3.132838998021481
  },
  "MD Sản xuất_Update" : {
    "transaction" : "MD Sản xuất_Update",
    "sampleCount" : 200,
    "errorCount" : 0,
    "errorPct" : 0.0,
    "meanResTime" : 165.71,
    "medianResTime" : 116.5,
    "minResTime" : 86.0,
    "maxResTime" : 1196.0,
    "pct1ResTime" : 164.9,
    "pct2ResTime" : 295.49999999999943,
    "pct3ResTime" : 1190.89,
    "throughput" : 14.047903350424948,
    "receivedKBytesPerSec" : 96.31868107747418,
    "sentKBytesPerSec" : 12.764797490693264
  },
  "MD Sản xuất_Add-1" : {
    "transaction" : "MD Sản xuất_Add-1",
    "sampleCount" : 200,
    "errorCount" : 0,
    "errorPct" : 0.0,
    "meanResTime" : 49.635,
    "medianResTime" : 43.5,
    "minResTime" : 32.0,
    "maxResTime" : 356.0,
    "pct1ResTime" : 65.0,
    "pct2ResTime" : 71.94999999999999,
    "pct3ResTime" : 274.29000000000156,
    "throughput" : 14.071624569056498,
    "receivedKBytesPerSec" : 13.247115316963344,
    "sentKBytesPerSec" : 4.809637303876733
  },
  "MD Sản xuất_Add-0" : {
    "transaction" : "MD Sản xuất_Add-0",
    "sampleCount" : 200,
    "errorCount" : 0,
    "errorPct" : 0.0,
    "meanResTime" : 43.165,
    "medianResTime" : 34.0,
    "minResTime" : 26.0,
    "maxResTime" : 362.0,
    "pct1ResTime" : 56.900000000000006,
    "pct2ResTime" : 67.94999999999999,
    "pct3ResTime" : 344.8900000000001,
    "throughput" : 14.098406880022557,
    "receivedKBytesPerSec" : 15.351292647680813,
    "sentKBytesPerSec" : 4.880334264415621
  },
  "MD Sản xuất_Delete" : {
    "transaction" : "MD Sản xuất_Delete",
    "sampleCount" : 200,
    "errorCount" : 0,
    "errorPct" : 0.0,
    "meanResTime" : 129.33999999999995,
    "medianResTime" : 117.0,
    "minResTime" : 88.0,
    "maxResTime" : 1180.0,
    "pct1ResTime" : 158.8,
    "pct2ResTime" : 176.95,
    "pct3ResTime" : 308.96000000000004,
    "throughput" : 13.900472616068946,
    "receivedKBytesPerSec" : 96.1494604879066,
    "sentKBytesPerSec" : 12.556579267445093
  },
  "MD Sản xuất_Delete-0" : {
    "transaction" : "MD Sản xuất_Delete-0",
    "sampleCount" : 200,
    "errorCount" : 0,
    "errorPct" : 0.0,
    "meanResTime" : 43.394999999999996,
    "medianResTime" : 34.0,
    "minResTime" : 25.0,
    "maxResTime" : 1002.0,
    "pct1ResTime" : 54.900000000000006,
    "pct2ResTime" : 65.69999999999993,
    "pct3ResTime" : 129.65000000000032,
    "throughput" : 14.071624569056498,
    "receivedKBytesPerSec" : 15.87180310279322,
    "sentKBytesPerSec" : 4.383640856961937
  },
  "MD Sản xuất_Add" : {
    "transaction" : "MD Sản xuất_Add",
    "sampleCount" : 200,
    "errorCount" : 0,
    "errorPct" : 0.0,
    "meanResTime" : 138.12499999999997,
    "medianResTime" : 119.0,
    "minResTime" : 92.0,
    "maxResTime" : 473.0,
    "pct1ResTime" : 166.70000000000002,
    "pct2ResTime" : 255.04999999999956,
    "pct3ResTime" : 454.94000000000005,
    "throughput" : 13.942140118508192,
    "receivedKBytesPerSec" : 95.59352126176367,
    "sentKBytesPerSec" : 12.682309820494945
  },
  "MD Sản xuất_Add-2" : {
    "transaction" : "MD Sản xuất_Add-2",
    "sampleCount" : 200,
    "errorCount" : 0,
    "errorPct" : 0.0,
    "meanResTime" : 45.12999999999998,
    "medianResTime" : 36.0,
    "minResTime" : 25.0,
    "maxResTime" : 393.0,
    "pct1ResTime" : 56.0,
    "pct2ResTime" : 65.94999999999999,
    "pct3ResTime" : 367.95000000000005,
    "throughput" : 14.289797084881394,
    "receivedKBytesPerSec" : 68.96501679051157,
    "sentKBytesPerSec" : 3.1677577522149183
  },
  "MD Sản xuất_Delete-1" : {
    "transaction" : "MD Sản xuất_Delete-1",
    "sampleCount" : 200,
    "errorCount" : 0,
    "errorPct" : 0.0,
    "meanResTime" : 47.31999999999999,
    "medianResTime" : 42.0,
    "minResTime" : 32.0,
    "maxResTime" : 165.0,
    "pct1ResTime" : 62.900000000000006,
    "pct2ResTime" : 75.84999999999997,
    "pct3ResTime" : 149.61000000000035,
    "throughput" : 14.008545212579673,
    "receivedKBytesPerSec" : 13.488696855081601,
    "sentKBytesPerSec" : 5.03432093577082
  },
  "Total" : {
    "transaction" : "Total",
    "sampleCount" : 3200,
    "errorCount" : 0,
    "errorPct" : 0.0,
    "meanResTime" : 74.00999999999976,
    "medianResTime" : 43.0,
    "minResTime" : 24.0,
    "maxResTime" : 1549.0,
    "pct1ResTime" : 129.0,
    "pct2ResTime" : 153.0,
    "pct3ResTime" : 448.9499999999989,
    "throughput" : 202.39074062361647,
    "receivedKBytesPerSec" : 695.3722882803112,
    "sentKBytesPerSec" : 88.5444666687749
  },
  "MD Sản xuất_View" : {
    "transaction" : "MD Sản xuất_View",
    "sampleCount" : 200,
    "errorCount" : 0,
    "errorPct" : 0.0,
    "meanResTime" : 159.25499999999994,
    "medianResTime" : 117.5,
    "minResTime" : 88.0,
    "maxResTime" : 1549.0,
    "pct1ResTime" : 221.60000000000002,
    "pct2ResTime" : 319.7999999999997,
    "pct3ResTime" : 1241.1700000000035,
    "throughput" : 13.40662287169862,
    "receivedKBytesPerSec" : 91.92177654511329,
    "sentKBytesPerSec" : 10.434646903070117
  },
  "MD Sản xuất_View-2" : {
    "transaction" : "MD Sản xuất_View-2",
    "sampleCount" : 200,
    "errorCount" : 0,
    "errorPct" : 0.0,
    "meanResTime" : 44.96999999999997,
    "medianResTime" : 34.0,
    "minResTime" : 25.0,
    "maxResTime" : 1026.0,
    "pct1ResTime" : 52.900000000000006,
    "pct2ResTime" : 65.74999999999994,
    "pct3ResTime" : 319.06000000000176,
    "throughput" : 14.168319637291017,
    "receivedKBytesPerSec" : 68.3787457495041,
    "sentKBytesPerSec" : 3.1408286695947862
  },
  "MD Sản xuất_View-1" : {
    "transaction" : "MD Sản xuất_View-1",
    "sampleCount" : 200,
    "errorCount" : 0,
    "errorPct" : 0.0,
    "meanResTime" : 47.685,
    "medianResTime" : 44.0,
    "minResTime" : 33.0,
    "maxResTime" : 172.0,
    "pct1ResTime" : 63.0,
    "pct2ResTime" : 72.0,
    "pct3ResTime" : 154.52000000000044,
    "throughput" : 14.125291334133765,
    "receivedKBytesPerSec" : 13.297637545024365,
    "sentKBytesPerSec" : 4.827980436471502
  },
  "MD Sản xuất_View-0" : {
    "transaction" : "MD Sản xuất_View-0",