{
  "LAB_Kiểm tra độ dày_view-2" : {
    "transaction" : "LAB_Kiểm tra độ dày_view-2",
    "sampleCount" : 105,
    "errorCount" : 0,
    "errorPct" : 0.0,
    "meanResTime" : 44.514285714285734,
    "medianResTime" : 42.0,
    "minResTime" : 26.0,
    "maxResTime" : 83.0,
    "pct1ResTime" : 63.400000000000006,
    "pct2ResTime" : 74.69999999999999,
    "pct3ResTime" : 83.0,
    "throughput" : 2.7834477639636295,
    "receivedKBytesPerSec" : 13.433397313972907,
    "sentKBytesPerSec" : 0.608879198367044
  },
  "LAB_Kiểm tra độ dày_view-1" : {
    "transaction" : "LAB_Kiểm tra độ dày_view-1",
    "sampleCount" : 105,
    "errorCount" : 0,
    "errorPct" : 0.0,
    "meanResTime" : 54.50476190476191,
    "medianResTime" : 49.0,
    "minResTime" : 32.0,
    "maxResTime" : 117.0,
    "pct1ResTime" : 79.80000000000004,
    "pct2ResTime" : 95.39999999999998,
    "pct3ResTime" : 116.03999999999996,
    "throughput" : 2.7803521779425395,
    "receivedKBytesPerSec" : 2.6011497914735866,
    "sentKBytesPerSec" : 0.9340245597775718
  },
  "LAB_Lịch sử" : {
    "transaction" : "LAB_Lịch sử",
    "sampleCount" : 105,
    "errorCount" : 0,
    "errorPct" : 0.0,
    "meanResTime" : 151.2571428571429,
    "medianResTime" : 133.0,
    "minResTime" : 91.0,
    "maxResTime" : 862.0,
    "pct1ResTime" : 193.8,
    "pct2ResTime" : 226.2999999999999,
    "pct3ResTime" : 828.4599999999987,
    "throughput" : 2.724724932530621,
    "receivedKBytesPerSec" : 18.634031936046814,
    "sentKBytesPerSec" : 2.0887783906606807
  },
  "LAB_Kiểm tra QC" : {
    "transaction" : "LAB_Kiểm tra QC",
    "sampleCount" : 105,
    "errorCount" : 0,
    "errorPct" : 0.0,
    "meanResTime" : 146.39047619047616,
    "medianResTime" : 132.0,
    "minResTime" : 92.0,
    "maxResTime" : 315.0,
    "pct1ResTime" : 192.20000000000002,
    "pct2ResTime" : 225.79999999999995,
    "pct3ResTime" : 313.73999999999995,
    "throughput" : 2.765559564885295,
    "receivedKBytesPerSec" : 18.913294563370822,
    "sentKBytesPerSec" : 2.1200822836278874
  },
  "LAB_Kiểm tra độ sạch_view-2" : {
    "transaction" : "LAB_Kiểm tra độ sạch_view-2",
    "sampleCount" : 105,
    "errorCount" : 0,
    "errorPct" : 0.0,
    "meanResTime" : 43.19047619047618,
    "medianResTime" : 41.0,
    "minResTime" : 27.0,
    "maxResTime" : 85.0,
    "pct1ResTime" : 61.400000000000006,
    "pct2ResTime" : 70.09999999999997,
    "pct3ResTime" : 84.94,
    "throughput" : 2.7828575972012404,
    "receivedKBytesPerSec" : 13.430549067742705,
    "sentKBytesPerSec" : 0.6087500993877712
  },
  "LAB_Kiểm tra độ dày_view" : {
    "transaction" : "LAB_Kiểm tra độ dày_view",
    "sampleCount" : 105,
    "errorCount" : 0,
    "errorPct" : 0.0,
    "meanResTime" : 147.21904761904761,
    "medianResTime" : 131.0,
    "minResTime" : 97.0,
    "maxResTime" : 297.0,
    "pct1ResTime" : 211.80000000000004,
    "pct2ResTime" : 229.7,
    "pct3ResTime" : 295.97999999999996,
    "throughput" : 2.7662881681903206,
    "receivedKBytesPerSec" : 18.918277384606263,
    "sentKBytesPerSec" : 2.1206408320599626
  },
  "LAB_Kiểm tra độ bền_kt" : {
    "transaction" : "LAB_Kiểm tra độ bền_kt",
    "sampleCount" : 105,
    "errorCount" : 0,
    "errorPct" : 0.0,
    "meanResTime" : 145.39047619047628,
    "medianResTime" : 133.0,
    "minResTime" : 101.0,
    "maxResTime" : 282.0,
    "pct1ResTime" : 189.60000000000002,
    "pct2ResTime" : 212.19999999999993,
    "pct3ResTime" : 281.88,
    "throughput" : 2.7659238185553976,
    "receivedKBytesPerSec" : 18.91578564584321,
    "sentKBytesPerSec" : 2.566042605105105
  },
  "LAB_Kiểm tra độ sạch_view-1" : {
    "transaction" : "LAB_Kiểm tra độ sạch_view-1",
    "sampleCount" : 105,
    "errorCount" : 0,
    "errorPct" : 0.0,
    "meanResTime" : 54.8952380952381,
    "medianResTime" : 49.0,
    "minResTime" : 34.0,
    "maxResTime" : 118.0,
    "pct1ResTime" : 78.4,
    "pct2ResTime" : 94.09999999999997,
    "pct3ResTime" : 117.57999999999998,
    "throughput" : 2.780131328108452,
    "receivedKBytesPerSec" : 2.6009431761014614,
    "sentKBytesPerSec" : 0.9339503680364329
  },
  "LAB_Lịch sử QC-0" : {
    "transaction" : "LAB_Lịch sử QC-0",
    "sampleCount" : 105,
    "errorCount" : 0,
    "errorPct" : 0.0,
    "meanResTime" : 48.9047619047619,
    "medianResTime" : 43.0,
    "minResTime" : 26.0,
    "maxResTime" : 149.0,
    "pct1ResTime" : 73.4,
    "pct2ResTime" : 93.39999999999998,
    "pct3ResTime" : 148.57999999999998,
    "throughput" : 2.736798206745556,
    "receivedKBytesPerSec" : 2.9479379121487774,
    "sentKBytesPerSec" : 0.5799660262341657
  },
  "LAB_Lịch sử QC-1" : {
    "transaction" : "LAB_Lịch sử QC-1",
    "sampleCount" : 105,
    "errorCount" : 0,
    "errorPct" : 0.0,
    "meanResTime" : 53.78095238095236,
    "medianResTime" : 48.0,
    "minResTime" : 34.0,
    "maxResTime" : 118.0,
    "pct1ResTime" : 79.80000000000001,
    "pct2ResTime" : 93.69999999999999,
    "pct3ResTime" : 117.51999999999998,
    "throughput" : 2.7407987470634296,
    "receivedKBytesPerSec" : 2.5641457028191073,
    "sentKBytesPerSec" : 0.920737079091621
  },
  "LAB_Kiểm tra độ bền_view" : {
    "transaction" : "LAB_Kiểm tra độ bền_view",
    "sampleCount" : 105,
    "errorCount" : 0,
    "errorPct" : 0.0,
    "meanResTime" : 143.47619047619045,
    "medianResTime" : 128.0,
    "minResTime" : 97.0,
    "maxResTime" : 277.0,
    "pct1ResTime" : 193.8,
    "pct2ResTime" : 208.39999999999998,
    "pct3ResTime" : 276.88,
    "throughput" : 2.7659238185553976,
    "receivedKBytesPerSec" : 18.91578564584321,
    "sentKBytesPerSec" : 2.120361521060534
  },
  "LAB_Lịch sử QC-2" : {
    "transaction" : "LAB_Lịch sử QC-2",
    "sampleCount" : 105,
    "errorCount" : 0,
    "errorPct" : 0.0,
    "meanResTime" : 43.533333333333346,
    "medianResTime" : 41.0,
    "minResTime" : 27.0,
    "maxResTime" : 96.0,
    "pct1ResTime" : 54.400000000000006,
    "pct2ResTime" : 71.09999999999997,
    "pct3ResTime" : 95.88,
    "throughput" : 2.743591753547072,
    "receivedKBytesPerSec" : 13.241045357450812,
    "sentKBytesPerSec" : 0.600160696088422
  },
  "LAB_Kiểm tra độ bền_kt-0" : {
    "transaction" : "LAB_Kiểm tra độ bền_kt-0",
    "sampleCount" : 105,
    "errorCount" : 0,
    "errorPct" : 0.0,
    "meanResTime" : 47.3142857142857,
    "medianResTime" : 44.0,
    "minResTime" : 27.0,
    "maxResTime" : 141.0,
    "pct1ResTime" : 73.0,
    "pct2ResTime" : 90.49999999999994,
    "pct3ResTime" : 140.57999999999998,
    "throughput" : 2.776162022103538,
    "receivedKBytesPerSec" : 2.990338584355666,
    "sentKBytesPerSec" : 1.0356385668394055
  },
  "LAB_Kiểm tra độ bền_kt-1" : {
    "transaction" : "LAB_Kiểm tra độ bền_kt-1",
    "sampleCount" : 105,
    "errorCount" : 0,
    "errorPct" : 0.0,
    "meanResTime" : 54.64761904761906,
    "medianResTime" : 50.0,
    "minResTime" : 30.0,
    "maxResTime" : 94.0,
    "pct1ResTime" : 83.0,
    "pct2ResTime" : 87.69999999999999,
    "pct3ResTime" : 93.88,
    "throughput" : 2.779763323008498,
    "receivedKBytesPerSec" : 2.600598890080216,
    "sentKBytesPerSec" : 0.9338267413231672
  },
  "LAB_Kiểm tra độ bền_kt-2" : {
    "transaction" : "LAB_Kiểm tra độ bền_kt-2",
    "sampleCount" : 105,
    "errorCount" : 0,
    "errorPct" : 0.0,
    "meanResTime" : 43.247619047619054,
    "medianResTime" : 42.0,
    "minResTime" : 27.0,
    "maxResTime" : 98.0,
    "pct1ResTime" : 53.400000000000006,
    "pct2ResTime" : 64.89999999999992,
    "pct3ResTime" : 97.51999999999998,
    "throughput" : 2.782931354359926,
    "receivedKBytesPerSec" : 13.430905032467534,
    "sentKBytesPerSec" : 0.6087662337662338
  },
  "LAB_Kiểm tra độ dày_kt-0" : {
    "transaction" : "LAB_Kiểm tra độ dày_kt-0",
    "sampleCount" : 105,
    "errorCount" : 0,
    "errorPct" : 0.0,
    "meanResTime" : 46.257142857142824,
    "medianResTime" : 44.0,
    "minResTime" : 26.0,
    "maxResTime" : 132.0,
    "pct1ResTime" : 70.0,
    "pct2ResTime" : 82.89999999999992,
    "pct3ResTime" : 131.88,