{
  "Sản phẩm_Add" : {
    "transaction" : "Sản phẩm_Add",
    "sampleCount" : 300,
    "errorCount" : 0,
    "errorPct" : 0.0,
    "meanResTime" : 166.35333333333358,
    "medianResTime" : 159.5,
    "minResTime" : 106.0,
    "maxResTime" : 292.0,
    "pct1ResTime" : 212.7000000000001,
    "pct2ResTime" : 240.89999999999998,
    "pct3ResTime" : 291.0,
    "throughput" : 3.3776556817797996,
    "receivedKBytesPerSec" : 16.30114685483962,
    "sentKBytesPerSec" : 0.6531013915941408
  },
  "Sản phẩm_Xóa" : {
    "transaction" : "Sản phẩm_Xóa",
    "sampleCount" : 300,
    "errorCount" : 0,
    "errorPct" : 0.0,
    "meanResTime" : 165.91000000000008,
    "medianResTime" : 159.0,
    "minResTime" : 106.0,
    "maxResTime" : 302.0,
    "pct1ResTime" : 211.90000000000003,
    "pct2ResTime" : 235.84999999999997,
    "pct3ResTime" : 292.0,
    "throughput" : 3.3772754393272466,
    "receivedKBytesPerSec" : 22.516268969030385,
    "sentKBytesPerSec" : 2.5428509411340894
  },
  "Sản phẩm_Xóa-2" : {
    "transaction" : "Sản phẩm_Xóa-2",
    "sampleCount" : 300,
    "errorCount" : 0,
    "errorPct" : 0.0,
    "meanResTime" : 50.08333333333334,
    "medianResTime" : 49.0,
    "minResTime" : 26.0,
    "maxResTime" : 122.0,
    "pct1ResTime" : 72.0,
    "pct2ResTime" : 77.94999999999999,
    "pct3ResTime" : 99.0,
    "throughput" : 3.3857370185199813,
    "receivedKBytesPerSec" : 16.34014877492749,
    "sentKBytesPerSec" : 0.740629972801246
  },
  "Sản phẩm_View" : {
    "transaction" : "Sản phẩm_View",
    "sampleCount" : 300,
    "errorCount" : 0,
    "errorPct" : 0.0,
    "meanResTime" : 179.85333333333335,
    "medianResTime" : 161.0,
    "minResTime" : 104.0,
    "maxResTime" : 579.0,
    "pct1ResTime" : 262.2000000000003,
    "pct2ResTime" : 303.69999999999993,
    "pct3ResTime" : 542.4300000000005,
    "throughput" : 3.366927790621984,
    "receivedKBytesPerSec" : 23.18379673015196,
    "sentKBytesPerSec" : 2.6863085985724227
  },
  "Sản phẩm_Xóa-0" : {
    "transaction" : "Sản phẩm_Xóa-0",
    "sampleCount" : 300,
    "errorCount" : 0,
    "errorPct" : 0.0,
    "meanResTime" : 56.549999999999976,
    "medianResTime" : 51.0,
    "minResTime" : 27.0,
    "maxResTime" : 138.0,
    "pct1ResTime" : 79.90000000000003,
    "pct2ResTime" : 96.0,
    "pct3ResTime" : 135.99,
    "throughput" : 3.383255142547817,
    "receivedKBytesPerSec" : 3.0627710128338146,
    "sentKBytesPerSec" : 0.9482365487414292
  },
  "Sản phẩm_Update" : {
    "transaction" : "Sản phẩm_Update",
    "sampleCount" : 300,
    "errorCount" : 0,
    "errorPct" : 0.0,
    "meanResTime" : 165.76666666666662,
    "medianResTime" : 160.5,
    "minResTime" : 104.0,
    "maxResTime" : 329.0,
    "pct1ResTime" : 211.90000000000003,
    "pct2ResTime" : 229.95,
    "pct3ResTime" : 280.99,
    "throughput" : 3.3776556817797996,
    "receivedKBytesPerSec" : 22.01743327722672,
    "sentKBytesPerSec" : 2.8828819002690866
  },
  "Sản phẩm_Xóa-1" : {
    "transaction" : "Sản phẩm_Xóa-1",
    "sampleCount" : 300,
    "errorCount" : 0,
    "errorPct" : 0.0,
    "meanResTime" : 59.05000000000001,
    "medianResTime" : 54.0,
    "minResTime" : 36.0,
    "maxResTime" : 108.0,
    "pct1ResTime" : 85.90000000000003,
    "pct2ResTime" : 91.94999999999999,
    "pct3ResTime" : 104.0,
    "throughput" : 3.3839420669118145,
    "receivedKBytesPerSec" : 3.1658364258803893,
    "sentKBytesPerSec" : 0.859204040426828
  },
  "Sản phẩm_View-0" : {
    "transaction" : "Sản phẩm_View-0",
    "sampleCount" : 300,
    "errorCount" : 0,
    "errorPct" : 0.0,
    "meanResTime" : 68.50666666666675,
    "medianResTime" : 50.0,
    "minResTime" : 27.0,
    "maxResTime" : 432.0,
    "pct1ResTime" : 107.80000000000007,
    "pct2ResTime" : 195.5499999999999,
    "pct3ResTime" : 399.3500000000006,
    "throughput" : 3.3724158863271017,
    "receivedKBytesPerSec" : 3.7379804990051375,
    "sentKBytesPerSec" : 0.7410093500230449
  },
  "Sản phẩm_View-1" : {
    "transaction" : "Sản phẩm_View-1",
    "sampleCount" : 300,
    "errorCount" : 0,
    "errorPct" : 0.0,
    "meanResTime" : 59.63999999999998,
    "medianResTime" : 54.0,
    "minResTime" : 36.0,
    "maxResTime" : 153.0,
    "pct1ResTime" : 81.90000000000003,
    "pct2ResTime" : 93.0,
    "pct3ResTime" : 135.94000000000005,
    "throughput" : 3.3853549544669757,
    "receivedKBytesPerSec" : 3.220054419580893,
    "sentKBytesPerSec" : 1.190163851179796
  },
  "Sản phẩm_View-2" : {
    "transaction" : "Sản phẩm_View-2",
    "sampleCount" : 300,
    "errorCount" : 0,
    "errorPct" : 0.0,
    "meanResTime" : 51.463333333333345,
    "medianResTime" : 49.0,
    "minResTime" : 27.0,
    "maxResTime" : 109.0,
    "pct1ResTime" : 74.0,
    "pct2ResTime" : 80.94999999999999,
    "pct3ResTime" : 98.98000000000002,
    "throughput" : 3.386921965317919,
    "receivedKBytesPerSec" : 16.34586753183707,
    "sentKBytesPerSec" : 0.7673495077673411
  },
  "Sản phẩm_Update-0" : {
    "transaction" : "Sản phẩm_Update-0",
    "sampleCount" : 300,
    "errorCount" : 0,
    "errorPct" : 0.0,
    "meanResTime" : 55.066666666666656,
    "medianResTime" : 49.0,
    "minResTime" : 27.0,
    "maxResTime" : 138.0,
    "pct1ResTime" : 76.90000000000003,
    "pct2ResTime" : 92.94999999999999,
    "pct3ResTime" : 134.0,
    "throughput" : 3.383255142547817,
    "receivedKBytesPerSec" : 2.732375002819379,
    "sentKBytesPerSec" : 1.5330374864669796
  },
  "Sản phẩm_Update-1" : {
    "transaction" : "Sản phẩm_Update-1",
    "sampleCount" : 300,
    "errorCount" : 0,
    "errorPct" : 0.0,
    "meanResTime" : 59.296666666666646,
    "medianResTime" : 54.0,
    "minResTime" : 35.0,
    "maxResTime" : 119.0,
    "pct1ResTime" : 80.90000000000003,
    "pct2ResTime" : 91.94999999999999,
    "pct3ResTime" : 112.8900000000001,
    "throughput" : 3.3847820200379095,
    "receivedKBytesPerSec" : 2.9947387794476032,
    "sentKBytesPerSec" : 0.7007556525859734
  },
  "Total" : {
    "transaction" : "Total",
    "sampleCount" : 3900,
    "errorCount" : 0,
    "errorPct" : 0.0,
    "meanResTime" : 91.43923076923066,
    "medianResTime" : 61.0,
    "minResTime" : 26.0,
    "maxResTime" : 579.0,
    "pct1ResTime" : 179.0,
    "pct2ResTime" : 202.0,
    "pct3ResTime" : 281.0,
    "throughput" : 43.347782594198065,
    "receivedKBytesPerSec" : 149.94581527175725,
    "sentKBytesPerSec" : 16.67873666222074
  },
  "Sản phẩm_Update-2" : {
    "transaction" : "Sản phẩm_Update-2",
    "sampleCount" : 300,
    "errorCount" : 0,
    "errorPct" : 0.0,
    "meanResTime" : 51.169999999999995,
    "medianResTime" : 49.0,
    "minResTime" : 26.0,
    "maxResTime" : 101.0,
    "pct1ResTime" : 74.0,
    "pct2ResTime" : 83.94999999999999,
    "pct3ResTime" : 95.0,
    "throughput" : 3.3862720530967456,
    "receivedKBytesPerSec" : 16.34273094375402,
    "sentKBytesPerSec" : 0.6547674477667536
  }
}