{
  "AddLSX-1" : {
    "transaction" : "AddLSX-1",
    "sampleCount" : 150,
    "errorCount" : 0,
    "errorPct" : 0.0,
    "meanResTime" : 59.52666666666668,
    "medianResTime" : 54.0,
    "minResTime" : 36.0,
    "maxResTime" : 134.0,
    "pct1ResTime" : 78.0,
    "pct2ResTime" : 93.34999999999997,
    "pct3ResTime" : 131.96000000000004,
    "throughput" : 5.098919029165817,
    "receivedKBytesPerSec" : 4.800154242300632,
    "sentKBytesPerSec" : 1.7427945900469102
  },
  "AddLSX-2" : {
    "transaction" : "AddLSX-2",
    "sampleCount" : 150,
    "errorCount" : 0,
    "errorPct" : 0.0,
    "meanResTime" : 48.82000000000001,
    "medianResTime" : 47.5,
    "minResTime" : 27.0,
    "maxResTime" : 99.0,
    "pct1ResTime" : 70.70000000000002,
    "pct2ResTime" : 75.44999999999999,
    "pct3ResTime" : 96.45000000000005,
    "throughput" : 5.111777535441657,
    "receivedKBytesPerSec" : 24.67031697280534,
    "sentKBytesPerSec" : 1.1331772466262269
  },
  "Receive_LSX-1" : {
    "transaction" : "Receive_LSX-1",
    "sampleCount" : 150,
    "errorCount" : 0,
    "errorPct" : 0.0,
    "meanResTime" : 58.33333333333334,
    "medianResTime" : 53.5,
    "minResTime" : 38.0,
    "maxResTime" : 141.0,
    "pct1ResTime" : 76.9,
    "pct2ResTime" : 89.44999999999999,
    "pct3ResTime" : 120.60000000000036,
    "throughput" : 5.107600108962136,
    "receivedKBytesPerSec" : 4.808326665077636,
    "sentKBytesPerSec" : 1.7457617559929175
  },
  "AddLSX-0" : {
    "transaction" : "AddLSX-0",
    "sampleCount" : 150,
    "errorCount" : 0,
    "errorPct" : 0.0,
    "meanResTime" : 55.78666666666666,
    "medianResTime" : 49.0,
    "minResTime" : 26.0,
    "maxResTime" : 159.0,
    "pct1ResTime" : 79.9,
    "pct2ResTime" : 94.79999999999995,
    "pct3ResTime" : 156.45000000000005,
    "throughput" : 5.092514004413513,
    "receivedKBytesPerSec" : 5.5450714012901035,
    "sentKBytesPerSec" : 2.058887497878119
  },
  "Receive_LSX-0" : {
    "transaction" : "Receive_LSX-0",
    "sampleCount" : 150,
    "errorCount" : 0,
    "errorPct" : 0.0,
    "meanResTime" : 54.86666666666666,
    "medianResTime" : 48.5,
    "minResTime" : 26.0,
    "maxResTime" : 168.0,
    "pct1ResTime" : 77.0,
    "pct2ResTime" : 88.44999999999999,
    "pct3ResTime" : 161.37000000000012,
    "throughput" : 5.095974180397485,
    "receivedKBytesPerSec" : 5.5488390733820285,
    "sentKBytesPerSec" : 2.0801925853575676
  },
  "Receive_LSX-2" : {
    "transaction" : "Receive_LSX-2",
    "sampleCount" : 150,
    "errorCount" : 0,
    "errorPct" : 0.0,
    "meanResTime" : 50.16000000000001,
    "medianResTime" : 49.0,
    "minResTime" : 28.0,
    "maxResTime" : 106.0,
    "pct1ResTime" : 69.9,
    "pct2ResTime" : 77.0,
    "pct3ResTime" : 98.86000000000013,
    "throughput" : 5.1229508196721305,
    "receivedKBytesPerSec" : 24.724241162909834,
    "sentKBytesPerSec" : 1.1356541367827868
  },
  "AddLSX" : {
    "transaction" : "AddLSX",
    "sampleCount" : 150,
    "errorCount" : 0,
    "errorPct" : 0.0,
    "meanResTime" : 164.44666666666666,
    "medianResTime" : 158.0,
    "minResTime" : 102.0,
    "maxResTime" : 363.0,
    "pct1ResTime" : 209.70000000000002,
    "pct2ResTime" : 237.69999999999993,
    "pct3ResTime" : 352.8000000000002,
    "throughput" : 5.063291139240507,
    "receivedKBytesPerSec" : 34.71617879746835,
    "sentKBytesPerSec" : 4.9001186708860756
  },
  "WorkOrder-1" : {
    "transaction" : "WorkOrder-1",
    "sampleCount" : 150,
    "errorCount" : 0,
    "errorPct" : 0.0,
    "meanResTime" : 59.05333333333332,
    "medianResTime" : 54.0,
    "minResTime" : 36.0,
    "maxResTime" : 105.0,
    "pct1ResTime" : 88.70000000000002,
    "pct2ResTime" : 93.44999999999999,
    "pct3ResTime" : 104.49000000000001,
    "throughput" : 5.1020408163265305,
    "receivedKBytesPerSec" : 4.803093112244898,
    "sentKBytesPerSec" : 1.7438616071428572
  },
  "WorkOrder-0" : {
    "transaction" : "WorkOrder-0",
    "sampleCount" : 150,
    "errorCount" : 0,
    "errorPct" : 0.0,
    "meanResTime" : 67.8933333333333,
    "medianResTime" : 50.0,
    "minResTime" : 27.0,
    "maxResTime" : 404.0,
    "pct1ResTime" : 103.80000000000001,
    "pct2ResTime" : 188.14999999999992,
    "pct3ResTime" : 367.79000000000065,
    "throughput" : 5.050675106905956,
    "receivedKBytesPerSec" : 5.49951439863295,
    "sentKBytesPerSec" : 1.0851059799993266
  },
  "WorkOrder-2" : {
    "transaction" : "WorkOrder-2",
    "sampleCount" : 150,
    "errorCount" : 0,
    "errorPct" : 0.0,
    "meanResTime" : 46.68,
    "medianResTime" : 48.0,
    "minResTime" : 26.0,
    "maxResTime" : 79.0,
    "pct1ResTime" : 64.9,
    "pct2ResTime" : 71.0,
    "pct3ResTime" : 77.47000000000003,
    "throughput" : 5.1102101999795595,
    "receivedKBytesPerSec" : 24.662752742479473,
    "sentKBytesPerSec" : 1.132829800190781
  },
  "productDelivery_LSX" : {
    "transaction" : "productDelivery_LSX",
    "sampleCount" : 150,
    "errorCount" : 0,
    "errorPct" : 0.0,
    "meanResTime" : 167.8533333333333,
    "medianResTime" : 162.0,
    "minResTime" : 107.0,
    "maxResTime" : 368.0,
    "pct1ResTime" : 218.40000000000003,
    "pct2ResTime" : 246.89999999999998,
    "pct3ResTime" : 340.9700000000005,
    "throughput" : 5.085262908092348,
    "receivedKBytesPerSec" : 34.8668270290199,
    "sentKBytesPerSec" : 4.588655202223955
  },
  "WorkOrder" : {
    "transaction" : "WorkOrder",
    "sampleCount" : 150,
    "errorCount" : 0,
    "errorPct" : 0.0,
    "meanResTime" : 173.96,
    "medianResTime" : 158.5,
    "minResTime" : 105.0,
    "maxResTime" : 565.0,
    "pct1ResTime" : 236.9,
    "pct2ResTime" : 299.69999999999993,
    "pct3ResTime" : 509.920000000001,
    "throughput" : 5.023274505207461,
    "receivedKBytesPerSec" : 34.441806934630456,
    "sentKBytesPerSec" : 3.909716582666354
  },
  "productDelivery_LSX-2" : {
    "transaction" : "productDelivery_LSX-2",
    "sampleCount" : 150,
    "errorCount" : 0,
    "errorPct" : 0.0,
    "meanResTime" : 50.77333333333334,
    "medianResTime" : 48.5,
    "minResTime" : 27.0,
    "maxResTime" : 99.0,
    "pct1ResTime" : 74.0,
    "pct2ResTime" : 78.0,
    "pct3ResTime" : 95.43000000000006,
    "throughput" : 5.135930973087722,
    "receivedKBytesPerSec" : 24.786885614257343,
    "sentKBytesPerSec" : 1.1385315731356571
  },
  "productDelivery_LSX-1" : {
    "transaction" : "productDelivery_LSX-1",
    "sampleCount" : 150,
    "errorCount" : 0,
    "errorPct" : 0.0,
    "meanResTime" : 60.85333333333333,
    "medianResTime" : 54.0,
    "minResTime" : 36.0,
    "maxResTime" : 163.0,
    "pct1ResTime" : 83.9,
    "pct2ResTime" : 91.44999999999999,
    "pct3ResTime" : 150.25000000000023,
    "throughput" : 5.1203277009728625,
    "receivedKBytesPerSec" : 4.820308499743983,
    "sentKBytesPerSec" : 1.7501120071684586
  },
  "Total" : {
    "transaction" : "Total",
    "sampleCount" : 2400,
    "errorCount" : 0,
    "errorPct" : 0.0,
    "meanResTime" : 83.66291666666662,
    "medianResTime" : 57.0,
    "minResTime" : 26.0,
    "maxResTime" : 565.0,
    "pct1ResTime" : 169.0,
    "pct2ResTime" : 191.94999999999982,
    "pct3ResTime" : 284.0,
    "throughput" : 77.96257796257797,
    "receivedKBytesPerSec" : 267.27307611096677,
    "sentKBytesPerSec" : 35.27920855801715
  },
  "productDelivery_LSX-0" : {
    "transaction" : "productDelivery_LSX-0",
    "sampleCount" : 150,
    "errorCount" : 0,
    "errorPct" : 0.0,
    "meanResTime" : 55.92000000000005,
    "medianResTime" : 48.0,
    "minResTime" : 26.0,
    "maxResTime" : 152.0,
    "pct1ResTime" : 80.60000000000002,
    "pct2ResTime" : 99.24999999999994,
    "pct3ResTime" : 148.43000000000006,
    "throughput" : 5.109687968388064,
    "receivedKBytesPerSec" : 5.563771567141299,
    "sentKBytesPerSec" : 1.731505590850252
  },
  "Receive_LSX" : {
    "transaction" : "Receive_LSX",
    "sampleCount" : 150,
    "errorCount" : 0,
    "errorPct" : 0.0,
    "meanResTime" : 163.67999999999995,
    "medianResTime" : 161.0,
    "minResTime" : 103.0,