{
  "Add_Bể" : {
    "transaction" : "Add_Bể",
    "sampleCount" : 100,
    "errorCount" : 0,
    "errorPct" : 0.0,
    "meanResTime" : 192.23000000000002,
    "medianResTime" : 186.0,
    "minResTime" : 100.0,
    "maxResTime" : 294.0,
    "pct1ResTime" : 241.8,
    "pct2ResTime" : 277.7499999999997,
    "pct3ResTime" : 293.92999999999995,
    "throughput" : 4.163544008660171,
    "receivedKBytesPerSec" : 28.59590333291698,
    "sentKBytesPerSec" : 3.866728859605296
  },
  "Add_Bể-2" : {
    "transaction" : "Add_Bể-2",
    "sampleCount" : 100,
    "errorCount" : 0,
    "errorPct" : 0.0,
    "meanResTime" : 60.31999999999999,
    "medianResTime" : 53.5,
    "minResTime" : 26.0,
    "maxResTime" : 119.0,
    "pct1ResTime" : 81.80000000000001,
    "pct2ResTime" : 97.79999999999995,
    "pct3ResTime" : 118.81999999999991,
    "throughput" : 4.203270144172166,
    "receivedKBytesPerSec" : 20.285704152830903,
    "sentKBytesPerSec" : 0.939989124038502
  },
  "Update_Bể-2" : {
    "transaction" : "Update_Bể-2",
    "sampleCount" : 100,
    "errorCount" : 0,
    "errorPct" : 0.0,
    "meanResTime" : 59.31000000000001,
    "medianResTime" : 54.0,
    "minResTime" : 29.0,
    "maxResTime" : 112.0,
    "pct1ResTime" : 75.0,
    "pct2ResTime" : 95.79999999999995,
    "pct3ResTime" : 111.88999999999994,
    "throughput" : 4.200798151648813,
    "receivedKBytesPerSec" : 20.273773892039486,
    "sentKBytesPerSec" : 0.9394363053980256
  },
  "Update_Bể-0" : {
    "transaction" : "Update_Bể-0",
    "sampleCount" : 100,
    "errorCount" : 0,
    "errorPct" : 0.0,
    "meanResTime" : 67.44,
    "medianResTime" : 66.0,
    "minResTime" : 38.0,
    "maxResTime" : 146.0,
    "pct1ResTime" : 95.70000000000002,
    "pct2ResTime" : 134.69999999999993,
    "pct3ResTime" : 145.92999999999995,
    "throughput" : 4.187955440154116,
    "receivedKBytesPerSec" : 4.592845663372142,
    "sentKBytesPerSec" : 1.5009566860708603
  },
  "Update_Bể-1" : {
    "transaction" : "Update_Bể-1",
    "sampleCount" : 100,
    "errorCount" : 0,
    "errorPct" : 0.0,
    "meanResTime" : 69.85000000000001,
    "medianResTime" : 72.0,
    "minResTime" : 38.0,
    "maxResTime" : 107.0,
    "pct1ResTime" : 95.80000000000001,
    "pct2ResTime" : 102.94999999999999,
    "pct3ResTime" : 106.97999999999999,
    "throughput" : 4.19339958904684,
    "receivedKBytesPerSec" : 3.964073049020841,
    "sentKBytesPerSec" : 1.4496713423072083
  },
  "Add_Bể-0" : {
    "transaction" : "Add_Bể-0",
    "sampleCount" : 100,
    "errorCount" : 0,
    "errorPct" : 0.0,
    "meanResTime" : 63.480000000000004,
    "medianResTime" : 54.0,
    "minResTime" : 39.0,
    "maxResTime" : 142.0,
    "pct1ResTime" : 86.9,
    "pct2ResTime" : 133.1499999999998,
    "pct3ResTime" : 141.98,
    "throughput" : 4.19058793948791,
    "receivedKBytesPerSec" : 4.595732671918871,
    "sentKBytesPerSec" : 1.5059925407534678
  },
  "Add_Bể-1" : {
    "transaction" : "Add_Bể-1",
    "sampleCount" : 100,
    "errorCount" : 0,
    "errorPct" : 0.0,
    "meanResTime" : 68.29,
    "medianResTime" : 72.0,
    "minResTime" : 35.0,
    "maxResTime" : 108.0,
    "pct1ResTime" : 93.0,
    "pct2ResTime" : 97.89999999999998,
    "pct3ResTime" : 107.92999999999996,
    "throughput" : 4.1963911036508605,
    "receivedKBytesPerSec" : 3.966900965169954,
    "sentKBytesPerSec" : 1.4507055182543014
  },
  "ViewMD_Bể-0" : {
    "transaction" : "ViewMD_Bể-0",
    "sampleCount" : 100,
    "errorCount" : 0,
    "errorPct" : 0.0,
    "meanResTime" : 84.78999999999999,
    "medianResTime" : 64.0,
    "minResTime" : 31.0,
    "maxResTime" : 474.0,
    "pct1ResTime" : 200.40000000000038,
    "pct2ResTime" : 252.44999999999987,
    "pct3ResTime" : 472.079999999999,
    "throughput" : 4.132743728561392,
    "receivedKBytesPerSec" : 4.532296100756292,
    "sentKBytesPerSec" : 0.8959659255279581
  },
  "Update_Bể" : {
    "transaction" : "Update_Bể",
    "sampleCount" : 100,
    "errorCount" : 0,
    "errorPct" : 0.0,
    "meanResTime" : 196.77999999999992,
    "medianResTime" : 193.0,
    "minResTime" : 126.0,
    "maxResTime" : 326.0,
    "pct1ResTime" : 229.8,
    "pct2ResTime" : 293.34999999999985,
    "pct3ResTime" : 325.86999999999995,
    "throughput" : 4.160945366787334,
    "receivedKBytesPerSec" : 28.57805543419465,
    "sentKBytesPerSec" : 3.860252049265593
  },
  "Total" : {
    "transaction" : "Total",
    "sampleCount" : 1200,
    "errorCount" : 0,
    "errorPct" : 0.0,
    "meanResTime" : 100.45666666666666,
    "medianResTime" : 72.0,
    "minResTime" : 26.0,
    "maxResTime" : 629.0,
    "pct1ResTime" : 199.0,
    "pct2ResTime" : 221.0,
    "pct3ResTime" : 325.8700000000001,
    "throughput" : 48.10969009341298,
    "receivedKBytesPerSec" : 165.21262227879564,
    "sentKBytesPerSec" : 21.188935773563724
  },
  "ViewMD_Bể" : {
    "transaction" : "ViewMD_Bể",
    "sampleCount" : 100,
    "errorCount" : 0,
    "errorPct" : 0.0,
    "meanResTime" : 213.97000000000003,
    "medianResTime" : 193.5,
    "minResTime" : 131.0,
    "maxResTime" : 629.0,
    "pct1ResTime" : 327.4000000000002,
    "pct2ResTime" : 393.0,
    "pct3ResTime" : 626.869999999999,
    "throughput" : 4.106270274709481,
    "receivedKBytesPerSec" : 28.20253793167166,
    "sentKBytesPerSec" : 3.228073799942512
  },
  "ViewMD_Bể-1" : {
    "transaction" : "ViewMD_Bể-1",
    "sampleCount" : 100,
    "errorCount" : 0,
    "errorPct" : 0.0,
    "meanResTime" : 68.81999999999998,
    "medianResTime" : 71.0,
    "minResTime" : 38.0,
    "maxResTime" : 107.0,
    "pct1ResTime" : 92.9,
    "pct2ResTime" : 99.0,
    "pct3ResTime" : 106.97999999999999,
    "throughput" : 4.196567208023837,
    "receivedKBytesPerSec" : 3.967067438835033,
    "sentKBytesPerSec" : 1.4507663980863652
  },
  "ViewMD_Bể-2" : {
    "transaction" : "ViewMD_Bể-2",
    "sampleCount" : 100,
    "errorCount" : 0,
    "errorPct" : 0.0,
    "meanResTime" : 60.19999999999999,
    "medianResTime" : 53.0,
    "minResTime" : 26.0,
    "maxResTime" : 101.0,
    "pct1ResTime" : 87.0,
    "pct2ResTime" : 93.89999999999998,
    "pct3ResTime" : 100.99,
    "throughput" : 4.206098843322818,
    "receivedKBytesPerSec" : 20.299355941114616,
    "sentKBytesPerSec" : 0.9406217139852787
  }
}