{
  "AddLSX-1" : {
    "transaction" : "AddLSX-1",
    "sampleCount" : 300,
    "errorCount" : 0,
    "errorPct" : 0.0,
    "meanResTime" : 51.739999999999995,
    "medianResTime" : 49.0,
    "minResTime" : 33.0,
    "maxResTime" : 108.0,
    "pct1ResTime" : 67.90000000000003,
    "pct2ResTime" : 74.0,
    "pct3ResTime" : 96.98000000000002,
    "throughput" : 10.683760683760683,
    "receivedKBytesPerSec" : 10.057759081196583,
    "sentKBytesPerSec" : 3.6516760149572653
  },
  "AddLSX-2" : {
    "transaction" : "AddLSX-2",
    "sampleCount" : 300,
    "errorCount" : 0,
    "errorPct" : 0.0,
    "meanResTime" : 38.99666666666665,
    "medianResTime" : 36.0,
    "minResTime" : 26.0,
    "maxResTime" : 98.0,
    "pct1ResTime" : 50.0,
    "pct2ResTime" : 56.89999999999998,
    "pct3ResTime" : 79.99000000000001,
    "throughput" : 10.700146235331884,
    "receivedKBytesPerSec" : 51.64074481934587,
    "sentKBytesPerSec" : 2.3720050736526734
  },
  "Receive_LSX-1" : {
    "transaction" : "Receive_LSX-1",
    "sampleCount" : 300,
    "errorCount" : 0,
    "errorPct" : 0.0,
    "meanResTime" : 50.776666666666635,
    "medianResTime" : 49.0,
    "minResTime" : 31.0,
    "maxResTime" : 108.0,
    "pct1ResTime" : 63.0,
    "pct2ResTime" : 72.94999999999999,
    "pct3ResTime" : 96.93000000000006,
    "throughput" : 10.677676537585421,
    "receivedKBytesPerSec" : 10.052031427961275,
    "sentKBytesPerSec" : 3.649596472807517
  },
  "AddLSX-0" : {
    "transaction" : "AddLSX-0",
    "sampleCount" : 300,
    "errorCount" : 0,
    "errorPct" : 0.0,
    "meanResTime" : 41.29666666666671,
    "medianResTime" : 39.0,
    "minResTime" : 26.0,
    "maxResTime" : 148.0,
    "pct1ResTime" : 53.0,
    "pct2ResTime" : 66.94999999999999,
    "pct3ResTime" : 129.47000000000048,
    "throughput" : 10.671599317017643,
    "receivedKBytesPerSec" : 11.619954334447923,
    "sentKBytesPerSec" : 4.3144942551223675
  },
  "Receive_LSX-0" : {
    "transaction" : "Receive_LSX-0",
    "sampleCount" : 300,
    "errorCount" : 0,
    "errorPct" : 0.0,
    "meanResTime" : 40.68666666666667,
    "medianResTime" : 39.0,
    "minResTime" : 26.0,
    "maxResTime" : 150.0,
    "pct1ResTime" : 51.0,
    "pct2ResTime" : 60.0,
    "pct3ResTime" : 109.91000000000008,
    "throughput" : 10.673117973530667,
    "receivedKBytesPerSec" : 11.621607949694036,
    "sentKBytesPerSec" : 4.356800110288885
  },
  "Receive_LSX-2" : {
    "transaction" : "Receive_LSX-2",
    "sampleCount" : 300,
    "errorCount" : 0,
    "errorPct" : 0.0,
    "meanResTime" : 39.02999999999997,
    "medianResTime" : 36.0,
    "minResTime" : 26.0,
    "maxResTime" : 81.0,
    "pct1ResTime" : 51.0,
    "pct2ResTime" : 59.0,
    "pct3ResTime" : 79.99000000000001,
    "throughput" : 10.67995728017088,
    "receivedKBytesPerSec" : 51.54330945176219,
    "sentKBytesPerSec" : 2.3675295923816306
  },
  "AddLSX" : {
    "transaction" : "AddLSX",
    "sampleCount" : 300,
    "errorCount" : 0,
    "errorPct" : 0.0,
    "meanResTime" : 132.2566666666666,
    "medianResTime" : 125.0,
    "minResTime" : 98.0,
    "maxResTime" : 316.0,
    "pct1ResTime" : 167.80000000000007,
    "pct2ResTime" : 185.95,
    "pct3ResTime" : 295.51000000000045,
    "throughput" : 10.610079575596817,
    "receivedKBytesPerSec" : 72.74743037135279,
    "sentKBytesPerSec" : 10.268153183023873
  },
  "WorkOrder-1" : {
    "transaction" : "WorkOrder-1",
    "sampleCount" : 300,
    "errorCount" : 0,
    "errorPct" : 0.0,
    "meanResTime" : 50.84999999999997,
    "medianResTime" : 48.0,
    "minResTime" : 33.0,
    "maxResTime" : 102.0,
    "pct1ResTime" : 66.0,
    "pct2ResTime" : 75.94999999999999,
    "pct3ResTime" : 94.98000000000002,
    "throughput" : 10.68452168957903,
    "receivedKBytesPerSec" : 10.058475496830258,
    "sentKBytesPerSec" : 3.6519361243678325
  },
  "WorkOrder-0" : {
    "transaction" : "WorkOrder-0",
    "sampleCount" : 300,
    "errorCount" : 0,
    "errorPct" : 0.0,
    "meanResTime" : 51.069999999999965,
    "medianResTime" : 39.0,
    "minResTime" : 26.0,
    "maxResTime" : 727.0,
    "pct1ResTime" : 71.0,
    "pct2ResTime" : 148.95,
    "pct3ResTime" : 246.99,
    "throughput" : 10.451505016722408,
    "receivedKBytesPerSec" : 11.38030087270067,
    "sentKBytesPerSec" : 2.2454405309364547
  },
  "WorkOrder-2" : {
    "transaction" : "WorkOrder-2",
    "sampleCount" : 300,
    "errorCount" : 0,
    "errorPct" : 0.0,
    "meanResTime" : 38.510000000000005,
    "medianResTime" : 36.0,
    "minResTime" : 26.0,
    "maxResTime" : 80.0,
    "pct1ResTime" : 49.900000000000034,
    "pct2ResTime" : 59.0,
    "pct3ResTime" : 75.99000000000001,
    "throughput" : 10.701673028216746,
    "receivedKBytesPerSec" : 51.64811338422573,
    "sentKBytesPerSec" : 2.3723435326222666
  },
  "productDelivery_LSX" : {
    "transaction" : "productDelivery_LSX",
    "sampleCount" : 300,
    "errorCount" : 0,
    "errorPct" : 0.0,
    "meanResTime" : 131.10000000000002,
    "medianResTime" : 125.0,
    "minResTime" : 95.0,
    "maxResTime" : 302.0,
    "pct1ResTime" : 165.7000000000001,
    "pct2ResTime" : 189.95,
    "pct3ResTime" : 228.97000000000003,
    "throughput" : 10.592098294672175,
    "receivedKBytesPerSec" : 72.62414270204427,
    "sentKBytesPerSec" : 9.557713695583095
  },
  "WorkOrder" : {
    "transaction" : "WorkOrder",
    "sampleCount" : 300,
    "errorCount" : 0,
    "errorPct" : 0.0,
    "meanResTime" : 140.68666666666675,
    "medianResTime" : 123.0,
    "minResTime" : 94.0,
    "maxResTime" : 894.0,
    "pct1ResTime" : 195.80000000000007,
    "pct2ResTime" : 237.89999999999998,
    "pct3ResTime" : 420.1400000000008,
    "throughput" : 10.395010395010395,
    "receivedKBytesPerSec" : 71.27282029625779,
    "sentKBytesPerSec" : 8.09064773908524
  },
  "productDelivery_LSX-2" : {
    "transaction" : "productDelivery_LSX-2",
    "sampleCount" : 300,
    "errorCount" : 0,
    "errorPct" : 0.0,
    "meanResTime" : 39.029999999999966,
    "medianResTime" : 36.0,
    "minResTime" : 26.0,
    "maxResTime" : 86.0,
    "pct1ResTime" : 51.900000000000034,
    "pct2ResTime" : 60.0,
    "pct3ResTime" : 78.96000000000004,
    "throughput" : 10.645470352365068,
    "receivedKBytesPerSec" : 51.37686961073063,
    "sentKBytesPerSec" : 2.359884541002803
  },
  "productDelivery_LSX-1" : {
    "transaction" : "productDelivery_LSX-1",
    "sampleCount" : 300,
    "errorCount" : 0,
    "errorPct" : 0.0,
    "meanResTime" : 50.78333333333332,
    "medianResTime" : 49.0,
    "minResTime" : 34.0,
    "maxResTime" : 105.0,
    "pct1ResTime" : 66.0,
    "pct2ResTime" : 72.0,
    "pct3ResTime" : 92.97000000000003,
    "throughput" : 10.635280771412365,
    "receivedKBytesPerSec" : 10.012119788712422,
    "sentKBytesPerSec" : 3.635105732416336
  },
  "Total" : {
    "transaction" : "Total",
    "sampleCount" : 4800,
    "errorCount" : 0,
    "errorPct" : 0.0,
    "meanResTime" : 66.78875,
    "medianResTime" : 47.0,
    "minResTime" : 26.0,
    "maxResTime" : 894.0,
    "pct1ResTime" : 130.0,
    "pct2ResTime" : 145.0,
    "pct3ResTime" : 207.0,
    "throughput" : 161.22531237404272,
    "receivedKBytesPerSec" : 552.7162686416767,
    "sentKBytesPerSec" : 72.95681554816606
  },
  "productDelivery_LSX-0" : {
    "transaction" : "productDelivery_LSX-0",
    "sampleCount" : 300,
    "errorCount" : 0,
    "errorPct" : 0.0,
    "meanResTime" : 41.06999999999999,
    "medianResTime" : 38.0,
    "minResTime" : 26.0,
    "maxResTime" : 153.0,
    "pct1ResTime" : 55.0,
    "pct2ResTime" : 66.94999999999999,
    "pct3ResTime" : 90.93000000000006,
    "throughput" : 10.650005325002663,
    "receivedKBytesPerSec" : 11.596441345095672,
    "sentKBytesPerSec" : 3.6089373513436755
  },
  "Receive_LSX" : {
    "transaction" : "Receive_LSX",
    "sampleCount" : 300,
    "errorCount" : 0,
    "errorPct" : 0.0,
    "meanResTime" : 130.73666666666668,
    "medianResTime" : 124.0,
    "minResTime" : 95.0,
    "maxResTime" : 308.0,
    "pct1ResTime" : 161.80000000000007,