{
  "Phương pháp kiểm tra_Update-0" : {
    "transaction" : "Phương pháp kiểm tra_Update-0",
    "sampleCount" : 600,
    "errorCount" : 0,
    "errorPct" : 0.0,
    "meanResTime" : 40.331666666666656,
    "medianResTime" : 32.0,
    "minResTime" : 24.0,
    "maxResTime" : 2194.0,
    "pct1ResTime" : 44.0,
    "pct2ResTime" : 57.849999999999795,
    "pct3ResTime" : 162.82000000000016,
    "throughput" : 13.684570646595963,
    "receivedKBytesPerSec" : 14.847224598015737,
    "sentKBytesPerSec" : 4.984711768730756
  },
  "Phương pháp kiểm tra_Update-2" : {
    "transaction" : "Phương pháp kiểm tra_Update-2",
    "sampleCount" : 600,
    "errorCount" : 0,
    "errorPct" : 0.0,
    "meanResTime" : 52.709999999999994,
    "medianResTime" : 32.0,
    "minResTime" : 25.0,
    "maxResTime" : 2242.0,
    "pct1ResTime" : 46.0,
    "pct2ResTime" : 53.94999999999993,
    "pct3ResTime" : 493.920000000001,
    "throughput" : 13.706766573765249,
    "receivedKBytesPerSec" : 66.15121133549596,
    "sentKBytesPerSec" : 3.0251262164755333
  },
  "Phương pháp kiểm tra_Update-1" : {
    "transaction" : "Phương pháp kiểm tra_Update-1",
    "sampleCount" : 600,
    "errorCount" : 0,
    "errorPct" : 0.0,
    "meanResTime" : 53.34500000000005,
    "medianResTime" : 43.0,
    "minResTime" : 32.0,
    "maxResTime" : 2194.0,
    "pct1ResTime" : 57.0,
    "pct2ResTime" : 63.0,
    "pct3ResTime" : 302.0400000000018,
    "throughput" : 13.70113262696383,
    "receivedKBytesPerSec" : 12.871571862440629,
    "sentKBytesPerSec" : 4.656244291194739
  },
  "Phương pháp kiểm tra_Delete-1" : {
    "transaction" : "Phương pháp kiểm tra_Delete-1",
    "sampleCount" : 600,
    "errorCount" : 0,
    "errorPct" : 0.0,
    "meanResTime" : 49.36333333333331,
    "medianResTime" : 43.0,
    "minResTime" : 31.0,
    "maxResTime" : 1207.0,
    "pct1ResTime" : 59.0,
    "pct2ResTime" : 64.0,
    "pct3ResTime" : 89.94000000000005,
    "throughput" : 13.665558238054023,
    "receivedKBytesPerSec" : 13.47872443401813,
    "sentKBytesPerSec" : 5.2313465130050565
  },
  "Phương pháp kiểm tra_View-0" : {
    "transaction" : "Phương pháp kiểm tra_View-0",
    "sampleCount" : 600,
    "errorCount" : 0,
    "errorPct" : 0.0,
    "meanResTime" : 44.13166666666667,
    "medianResTime" : 32.0,
    "minResTime" : 24.0,
    "maxResTime" : 2191.0,
    "pct1ResTime" : 47.0,
    "pct2ResTime" : 58.94999999999993,
    "pct3ResTime" : 377.9000000000001,
    "throughput" : 13.602974517094404,
    "receivedKBytesPerSec" : 14.758695984855356,
    "sentKBytesPerSec" : 2.9092299016051513
  },
  "Phương pháp kiểm tra_Delete-2" : {
    "transaction" : "Phương pháp kiểm tra_Delete-2",
    "sampleCount" : 600,
    "errorCount" : 0,
    "errorPct" : 0.0,
    "meanResTime" : 53.72000000000001,
    "medianResTime" : 32.0,
    "minResTime" : 24.0,
    "maxResTime" : 2607.0,
    "pct1ResTime" : 46.0,
    "pct2ResTime" : 60.94999999999993,
    "pct3ResTime" : 355.0,
    "throughput" : 13.665246999339512,
    "receivedKBytesPerSec" : 65.9508307331405,
    "sentKBytesPerSec" : 3.3362419431981234
  },
  "Phương pháp kiểm tra_View" : {
    "transaction" : "Phương pháp kiểm tra_View",
    "sampleCount" : 600,
    "errorCount" : 0,
    "errorPct" : 0.0,
    "meanResTime" : 148.7999999999998,
    "medianResTime" : 110.0,
    "minResTime" : 86.0,
    "maxResTime" : 3024.0,
    "pct1ResTime" : 146.0,
    "pct2ResTime" : 211.59999999999945,
    "pct3ResTime" : 1393.94,
    "throughput" : 13.560241372296426,
    "receivedKBytesPerSec" : 92.8955988541596,
    "sentKBytesPerSec" : 10.501241609600651
  },
  "Phương pháp kiểm tra_View-1" : {
    "transaction" : "Phương pháp kiểm tra_View-1",
    "sampleCount" : 600,
    "errorCount" : 0,
    "errorPct" : 0.0,
    "meanResTime" : 58.30166666666666,
    "medianResTime" : 44.0,
    "minResTime" : 30.0,
    "maxResTime" : 2187.0,
    "pct1ResTime" : 59.0,
    "pct2ResTime" : 69.89999999999986,
    "pct3ResTime" : 397.8600000000001,
    "throughput" : 13.696753869332968,
    "receivedKBytesPerSec" : 12.8674582249007,
    "sentKBytesPerSec" : 4.6547561977811265
  },
  "Phương pháp kiểm tra_View-2" : {
    "transaction" : "Phương pháp kiểm tra_View-2",
    "sampleCount" : 600,
    "errorCount" : 0,
    "errorPct" : 0.0,
    "meanResTime" : 46.21999999999998,
    "medianResTime" : 32.0,
    "minResTime" : 24.0,
    "maxResTime" : 2588.0,
    "pct1ResTime" : 45.0,
    "pct2ResTime" : 54.899999999999864,
    "pct3ResTime" : 361.85000000000014,
    "throughput" : 13.710525113111832,
    "receivedKBytesPerSec" : 66.16935069238151,
    "sentKBytesPerSec" : 3.0259557378547597
  },
  "Phương pháp kiểm tra_Delete-0" : {
    "transaction" : "Phương pháp kiểm tra_Delete-0",
    "sampleCount" : 600,
    "errorCount" : 0,
    "errorPct" : 0.0,
    "meanResTime" : 37.68833333333332,
    "medianResTime" : 32.0,
    "minResTime" : 25.0,
    "maxResTime" : 362.0,
    "pct1ResTime" : 46.0,
    "pct2ResTime" : 56.94999999999993,
    "pct3ResTime" : 134.83000000000015,
    "throughput" : 13.677707616203525,
    "receivedKBytesPerSec" : 16.06863502177035,
    "sentKBytesPerSec" : 4.60821203866232
  },
  "Phương pháp kiểm tra_Add" : {
    "transaction" : "Phương pháp kiểm tra_Add",
    "sampleCount" : 600,
    "errorCount" : 0,
    "errorPct" : 0.0,
    "meanResTime" : 152.2933333333333,
    "medianResTime" : 110.0,
    "minResTime" : 83.0,
    "maxResTime" : 3052.0,
    "pct1ResTime" : 145.0,
    "pct2ResTime" : 171.0,
    "pct3ResTime" : 2315.99,
    "throughput" : 13.643185228978124,
    "receivedKBytesPerSec" : 93.46381287234526,
    "sentKBytesPerSec" : 12.590634806039382
  },
  "Phương pháp kiểm tra_Add-2" : {
    "transaction" : "Phương pháp kiểm tra_Add-2",
    "sampleCount" : 600,
    "errorCount" : 0,
    "errorPct" : 0.0,
    "meanResTime" : 45.38833333333335,
    "medianResTime" : 32.0,
    "minResTime" : 24.0,
    "maxResTime" : 2243.0,
    "pct1ResTime" : 46.89999999999998,
    "pct2ResTime" : 57.94999999999993,
    "pct3ResTime" : 384.7600000000002,
    "throughput" : 13.71334537060316,
    "receivedKBytesPerSec" : 66.18296173976641,
    "sentKBytesPerSec" : 3.0265781774964005
  },
  "Phương pháp kiểm tra_Add-1" : {
    "transaction" : "Phương pháp kiểm tra_Add-1",
    "sampleCount" : 600,
    "errorCount" : 0,
    "errorPct" : 0.0,
    "meanResTime" : 54.44999999999997,
    "medianResTime" : 44.0,
    "minResTime" : 30.0,
    "maxResTime" : 2177.0,
    "pct1ResTime" : 59.0,
    "pct2ResTime" : 67.0,
    "pct3ResTime" : 385.99,
    "throughput" : 13.700506918755995,
    "receivedKBytesPerSec" : 12.870984038909441,
    "sentKBytesPerSec" : 4.656031648170982
  },
  "Phương pháp kiểm tra_Update" : {
    "transaction" : "Phương pháp kiểm tra_Update",
    "sampleCount" : 600,
    "errorCount" : 0,
    "errorPct" : 0.0,
    "meanResTime" : 146.5333333333334,
    "medianResTime" : 110.0,
    "minResTime" : 87.0,
    "maxResTime" : 3044.0,
    "pct1ResTime" : 139.0,
    "pct2ResTime" : 173.89999999999986,
    "pct3ResTime" : 1671.4100000000005,
    "throughput" : 13.641944431813014,
    "receivedKBytesPerSec" : 93.45531268473466,
    "sentKBytesPerSec" : 12.6161341571552
  },
  "Phương pháp kiểm tra_Delete" : {
    "transaction" : "Phương pháp kiểm tra_Delete",
    "sampleCount" : 600,
    "errorCount" : 0,
    "errorPct" : 0.0,
    "meanResTime" : 140.91499999999976,
    "medianResTime" : 111.0,
    "minResTime" : 87.0,
    "maxResTime" : 2674.0,
    "pct1ResTime" : 143.0,
    "pct2ResTime" : 167.8499999999998,
    "pct3ResTime" : 1385.7600000000048,
    "throughput" : 13.63264564209761,
    "receivedKBytesPerSec" : 95.25544879805507,
    "sentKBytesPerSec" : 13.140059813232755
  },
  "Phương pháp kiểm tra_Add-0" : {
    "transaction" : "Phương pháp kiểm tra_Add-0",
    "sampleCount" : 600,
    "errorCount" : 0,
    "errorPct" : 0.0,
    "meanResTime" : 52.315000000000005,
    "medianResTime" : 32.0,
    "minResTime" : 24.0,
    "maxResTime" : 2222.0,
    "pct1ResTime" : 46.89999999999998,