{
  "MD Sản xuất_Delete-2" : {
    "transaction" : "MD Sản xuất_Delete-2",
    "sampleCount" : 105,
    "errorCount" : 0,
    "errorPct" : 0.0,
    "meanResTime" : 58.390476190476214,
    "medianResTime" : 52.0,
    "minResTime" : 28.0,
    "maxResTime" : 137.0,
    "pct1ResTime" : 86.4,
    "pct2ResTime" : 92.09999999999997,
    "pct3ResTime" : 135.85999999999996,
    "throughput" : 3.5178236397748592,
    "receivedKBytesPerSec" : 16.97762151149156,
    "sentKBytesPerSec" : 0.8176191662757974
  },
  "MD Sản xuất_Update-1" : {
    "transaction" : "MD Sản xuất_Update-1",
    "sampleCount" : 105,
    "errorCount" : 0,
    "errorPct" : 0.0,
    "meanResTime" : 63.56190476190476,
    "medianResTime" : 55.0,
    "minResTime" : 40.0,
    "maxResTime" : 116.0,
    "pct1ResTime" : 93.0,
    "pct2ResTime" : 98.0,
    "pct3ResTime" : 115.21999999999997,
    "throughput" : 3.5169988276670576,
    "receivedKBytesPerSec" : 3.310924677608441,
    "sentKBytesPerSec" : 1.2020992086752638
  },
  "MD Sản xuất_Update-0" : {
    "transaction" : "MD Sản xuất_Update-0",
    "sampleCount" : 105,
    "errorCount" : 0,
    "errorPct" : 0.0,
    "meanResTime" : 65.38095238095238,
    "medianResTime" : 59.0,
    "minResTime" : 27.0,
    "maxResTime" : 137.0,
    "pct1ResTime" : 114.80000000000001,
    "pct2ResTime" : 129.2999999999999,
    "pct3ResTime" : 137.0,
    "throughput" : 3.511940598033313,
    "receivedKBytesPerSec" : 3.824036881647602,
    "sentKBytesPerSec" : 1.2156893333166099
  },
  "MD Sản xuất_Update-2" : {
    "transaction" : "MD Sản xuất_Update-2",
    "sampleCount" : 105,
    "errorCount" : 0,
    "errorPct" : 0.0,
    "meanResTime" : 56.542857142857144,
    "medianResTime" : 51.0,
    "minResTime" : 26.0,
    "maxResTime" : 118.0,
    "pct1ResTime" : 76.0,
    "pct2ResTime" : 95.89999999999992,
    "pct3ResTime" : 117.94,
    "throughput" : 3.5215991414005905,
    "receivedKBytesPerSec" : 16.995842731251678,
    "sentKBytesPerSec" : 0.7806669971659512
  },
  "MD Sản xuất_Update" : {
    "transaction" : "MD Sản xuất_Update",
    "sampleCount" : 105,
    "errorCount" : 0,
    "errorPct" : 0.0,
    "meanResTime" : 185.68571428571434,
    "medianResTime" : 173.0,
    "minResTime" : 120.0,
    "maxResTime" : 295.0,
    "pct1ResTime" : 271.4,
    "pct2ResTime" : 282.7,
    "pct3ResTime" : 294.64,
    "throughput" : 3.4944089456869007,
    "receivedKBytesPerSec" : 23.95922383561302,
    "sentKBytesPerSec" : 3.178638137313632
  },
  "MD Sản xuất_Add-1" : {
    "transaction" : "MD Sản xuất_Add-1",
    "sampleCount" : 105,
    "errorCount" : 0,
    "errorPct" : 0.0,
    "meanResTime" : 65.5238095238095,
    "medianResTime" : 62.0,
    "minResTime" : 41.0,
    "maxResTime" : 117.0,
    "pct1ResTime" : 93.4,
    "pct2ResTime" : 95.69999999999999,
    "pct3ResTime" : 117.0,
    "throughput" : 3.516763238101618,
    "receivedKBytesPerSec" : 3.3107028921191013,
    "sentKBytesPerSec" : 1.202018684898014
  },
  "MD Sản xuất_Add-0" : {
    "transaction" : "MD Sản xuất_Add-0",
    "sampleCount" : 105,
    "errorCount" : 0,
    "errorPct" : 0.0,
    "meanResTime" : 65.29523809523808,
    "medianResTime" : 58.0,
    "minResTime" : 33.0,
    "maxResTime" : 145.0,
    "pct1ResTime" : 94.20000000000005,
    "pct2ResTime" : 134.7,
    "pct3ResTime" : 144.88,
    "throughput" : 3.5122930255895635,
    "receivedKBytesPerSec" : 3.8244206284495736,
    "sentKBytesPerSec" : 1.2192413028934606
  },
  "MD Sản xuất_Delete" : {
    "transaction" : "MD Sản xuất_Delete",
    "sampleCount" : 105,
    "errorCount" : 0,
    "errorPct" : 0.0,
    "meanResTime" : 186.39047619047616,
    "medianResTime" : 173.0,
    "minResTime" : 109.0,
    "maxResTime" : 318.0,
    "pct1ResTime" : 251.4,
    "pct2ResTime" : 276.4,
    "pct3ResTime" : 316.37999999999994,
    "throughput" : 3.4911557387950527,
    "receivedKBytesPerSec" : 24.14829697059117,
    "sentKBytesPerSec" : 3.153631892954515
  },
  "MD Sản xuất_Delete-0" : {
    "transaction" : "MD Sản xuất_Delete-0",
    "sampleCount" : 105,
    "errorCount" : 0,
    "errorPct" : 0.0,
    "meanResTime" : 65.9904761904762,
    "medianResTime" : 64.0,
    "minResTime" : 27.0,
    "maxResTime" : 144.0,
    "pct1ResTime" : 93.40000000000003,
    "pct2ResTime" : 112.39999999999998,
    "pct3ResTime" : 143.88,
    "throughput" : 3.509944843723884,
    "receivedKBytesPerSec" : 3.958970990723717,
    "sentKBytesPerSec" : 1.0934300831522648
  },
  "MD Sản xuất_Add" : {
    "transaction" : "MD Sản xuất_Add",
    "sampleCount" : 105,
    "errorCount" : 0,
    "errorPct" : 0.0,
    "meanResTime" : 186.58095238095243,
    "medianResTime" : 172.0,
    "minResTime" : 122.0,
    "maxResTime" : 314.0,
    "pct1ResTime" : 264.0000000000001,
    "pct2ResTime" : 288.79999999999995,
    "pct3ResTime" : 313.28,
    "throughput" : 3.493478839499601,
    "receivedKBytesPerSec" : 23.952846613404976,
    "sentKBytesPerSec" : 3.181203680213601
  },
  "MD Sản xuất_Add-2" : {
    "transaction" : "MD Sản xuất_Add-2",
    "sampleCount" : 105,
    "errorCount" : 0,
    "errorPct" : 0.0,
    "meanResTime" : 55.580952380952404,
    "medianResTime" : 51.0,
    "minResTime" : 28.0,
    "maxResTime" : 132.0,
    "pct1ResTime" : 78.80000000000001,
    "pct2ResTime" : 89.69999999999999,
    "pct3ResTime" : 131.21999999999997,
    "throughput" : 3.5215991414005905,
    "receivedKBytesPerSec" : 16.995842731251678,
    "sentKBytesPerSec" : 0.7806669971659512
  },
  "MD Sản xuất_Delete-1" : {
    "transaction" : "MD Sản xuất_Delete-1",
    "sampleCount" : 105,
    "errorCount" : 0,
    "errorPct" : 0.0,
    "meanResTime" : 61.85714285714284,
    "medianResTime" : 55.0,
    "minResTime" : 38.0,
    "maxResTime" : 121.0,
    "pct1ResTime" : 87.4,
    "pct2ResTime" : 94.0,
    "pct3ResTime" : 120.39999999999998,
    "throughput" : 3.513821029382237,
    "receivedKBytesPerSec" : 3.383425327120005,
    "sentKBytesPerSec" : 1.2627794324342412
  },
  "Total" : {
    "transaction" : "Total",
    "sampleCount" : 1680,
    "errorCount" : 0,
    "errorPct" : 0.0,
    "meanResTime" : 94.94940476190474,
    "medianResTime" : 68.0,
    "minResTime" : 26.0,
    "maxResTime" : 542.0,
    "pct1ResTime" : 185.0,
    "pct2ResTime" : 216.0,
    "pct3ResTime" : 295.19000000000005,
    "throughput" : 53.85996409335727,
    "receivedKBytesPerSec" : 185.051580733842,
    "sentKBytesPerSec" : 23.576445382630162
  },
  "MD Sản xuất_View" : {
    "transaction" : "MD Sản xuất_View",
    "sampleCount" : 105,
    "errorCount" : 0,
    "errorPct" : 0.0,
    "meanResTime" : 201.2571428571429,
    "medianResTime" : 180.0,
    "minResTime" : 126.0,
    "maxResTime" : 542.0,
    "pct1ResTime" : 293.20000000000005,
    "pct2ResTime" : 345.1999999999996,
    "pct3ResTime" : 536.3599999999998,
    "throughput" : 3.465918468394124,
    "receivedKBytesPerSec" : 23.763880436128073,
    "sentKBytesPerSec" : 2.697594745420036
  },
  "MD Sản xuất_View-2" : {
    "transaction" : "MD Sản xuất_View-2",
    "sampleCount" : 105,
    "errorCount" : 0,
    "errorPct" : 0.0,
    "meanResTime" : 56.53333333333333,
    "medianResTime" : 52.0,
    "minResTime" : 28.0,
    "maxResTime" : 106.0,
    "pct1ResTime" : 81.0,
    "pct2ResTime" : 85.09999999999997,
    "pct3ResTime" : 105.63999999999999,
    "throughput" : 3.5225442834138487,
    "receivedKBytesPerSec" : 17.000404149053946,
    "sentKBytesPerSec" : 0.7808765159520934
  },
  "MD Sản xuất_View-1" : {
    "transaction" : "MD Sản xuất_View-1",
    "sampleCount" : 105,
    "errorCount" : 0,
    "errorPct" : 0.0,
    "meanResTime" : 64.67619047619048,
    "medianResTime" : 60.0,
    "minResTime" : 35.0,
    "maxResTime" : 119.0,
    "pct1ResTime" : 93.0,
    "pct2ResTime" : 100.39999999999998,
    "pct3ResTime" : 118.45999999999998,
    "throughput" : 3.5175879396984926,
    "receivedKBytesPerSec" : 3.3114792713567835,
    "sentKBytesPerSec" : 1.2023005653266332
  },
  "MD Sản xuất_View-0" : {
    "transaction" : "MD Sản xuất_View-0",
    "sampleCount" : 105,
    "errorCount" : 0,