{
  "MD Sản xuất_Delete-2" : {
    "transaction" : "MD Sản xuất_Delete-2",
    "sampleCount" : 600,
    "errorCount" : 0,
    "errorPct" : 0.0,
    "meanResTime" : 44.091666666666676,
    "medianResTime" : 39.0,
    "minResTime" : 26.0,
    "maxResTime" : 204.0,
    "pct1ResTime" : 62.0,
    "pct2ResTime" : 72.94999999999993,
    "pct3ResTime" : 100.98000000000002,
    "throughput" : 15.41148669474982,
    "receivedKBytesPerSec" : 74.37848363813829,
    "sentKBytesPerSec" : 3.5819666341313057
  },
  "MD Sản xuất_Update-1" : {
    "transaction" : "MD Sản xuất_Update-1",
    "sampleCount" : 600,
    "errorCount" : 0,
    "errorPct" : 0.0,
    "meanResTime" : 55.64333333333334,
    "medianResTime" : 49.0,
    "minResTime" : 32.0,
    "maxResTime" : 973.0,
    "pct1ResTime" : 70.0,
    "pct2ResTime" : 83.94999999999993,
    "pct3ResTime" : 112.0,
    "throughput" : 15.417030679891052,
    "receivedKBytesPerSec" : 14.513689038491187,
    "sentKBytesPerSec" : 5.269492908165887
  },
  "MD Sản xuất_Update-0" : {
    "transaction" : "MD Sản xuất_Update-0",
    "sampleCount" : 600,
    "errorCount" : 0,
    "errorPct" : 0.0,
    "meanResTime" : 43.070000000000036,
    "medianResTime" : 38.0,
    "minResTime" : 27.0,
    "maxResTime" : 159.0,
    "pct1ResTime" : 62.0,
    "pct2ResTime" : 76.0,
    "pct3ResTime" : 112.81000000000017,
    "throughput" : 15.399224905679748,
    "receivedKBytesPerSec" : 16.76771071272746,
    "sentKBytesPerSec" : 5.3160410196853425
  },
  "MD Sản xuất_Update-2" : {
    "transaction" : "MD Sản xuất_Update-2",
    "sampleCount" : 600,
    "errorCount" : 0,
    "errorPct" : 0.0,
    "meanResTime" : 45.12500000000003,
    "medianResTime" : 39.0,
    "minResTime" : 26.0,
    "maxResTime" : 1047.0,
    "pct1ResTime" : 59.89999999999998,
    "pct2ResTime" : 70.89999999999986,
    "pct3ResTime" : 122.96000000000004,
    "throughput" : 15.44202805301763,
    "receivedKBytesPerSec" : 74.5258814824347,
    "sentKBytesPerSec" : 3.4231839531591817
  },
  "MD Sản xuất_Update" : {
    "transaction" : "MD Sản xuất_Update",
    "sampleCount" : 600,
    "errorCount" : 0,
    "errorPct" : 0.0,
    "meanResTime" : 143.96499999999986,
    "medianResTime" : 129.5,
    "minResTime" : 98.0,
    "maxResTime" : 1237.0,
    "pct1ResTime" : 180.0,
    "pct2ResTime" : 207.94999999999993,
    "pct3ResTime" : 298.97,
    "throughput" : 15.340952673161004,
    "receivedKBytesPerSec" : 105.18440304517911,
    "sentKBytesPerSec" : 13.940191857789369
  },
  "MD Sản xuất_Add-1" : {
    "transaction" : "MD Sản xuất_Add-1",
    "sampleCount" : 600,
    "errorCount" : 0,
    "errorPct" : 0.0,
    "meanResTime" : 52.30666666666664,
    "medianResTime" : 48.0,
    "minResTime" : 32.0,
    "maxResTime" : 153.0,
    "pct1ResTime" : 70.0,
    "pct2ResTime" : 80.0,
    "pct3ResTime" : 110.99000000000001,
    "throughput" : 15.41742683146183,
    "receivedKBytesPerSec" : 14.514061978055862,
    "sentKBytesPerSec" : 5.269628311534805
  },
  "MD Sản xuất_Add-0" : {
    "transaction" : "MD Sản xuất_Add-0",
    "sampleCount" : 600,
    "errorCount" : 0,
    "errorPct" : 0.0,
    "meanResTime" : 43.44000000000001,
    "medianResTime" : 38.0,
    "minResTime" : 26.0,
    "maxResTime" : 178.0,
    "pct1ResTime" : 63.0,
    "pct2ResTime" : 75.0,
    "pct3ResTime" : 129.96000000000004,
    "throughput" : 15.413466231664398,
    "receivedKBytesPerSec" : 16.783217625298636,
    "sentKBytesPerSec" : 5.336009549926786
  },
  "MD Sản xuất_Delete" : {
    "transaction" : "MD Sản xuất_Delete",
    "sampleCount" : 600,
    "errorCount" : 0,
    "errorPct" : 0.0,
    "meanResTime" : 145.7800000000002,
    "medianResTime" : 131.0,
    "minResTime" : 100.0,
    "maxResTime" : 1243.0,
    "pct1ResTime" : 183.0,
    "pct2ResTime" : 209.0,
    "pct3ResTime" : 299.6500000000003,
    "throughput" : 15.34958684028755,
    "receivedKBytesPerSec" : 106.17297225562179,
    "sentKBytesPerSec" : 13.865593581314437
  },
  "MD Sản xuất_Delete-0" : {
    "transaction" : "MD Sản xuất_Delete-0",
    "sampleCount" : 600,
    "errorCount" : 0,
    "errorPct" : 0.0,
    "meanResTime" : 45.404999999999994,
    "medianResTime" : 38.0,
    "minResTime" : 26.0,
    "maxResTime" : 959.0,
    "pct1ResTime" : 64.89999999999998,
    "pct2ResTime" : 76.94999999999993,
    "pct3ResTime" : 116.93000000000006,
    "throughput" : 15.410299216643123,
    "receivedKBytesPerSec" : 17.38173397970977,
    "sentKBytesPerSec" : 4.800669384872223
  },
  "MD Sản xuất_Add" : {
    "transaction" : "MD Sản xuất_Add",
    "sampleCount" : 600,
    "errorCount" : 0,
    "errorPct" : 0.0,
    "meanResTime" : 138.46000000000012,
    "medianResTime" : 128.0,
    "minResTime" : 90.0,
    "maxResTime" : 464.0,
    "pct1ResTime" : 178.0,
    "pct2ResTime" : 201.89999999999986,
    "pct3ResTime" : 318.8800000000001,
    "throughput" : 15.331544653123803,
    "receivedKBytesPerSec" : 105.11989747029514,
    "sentKBytesPerSec" : 13.946615082407053
  },
  "MD Sản xuất_Add-2" : {
    "transaction" : "MD Sản xuất_Add-2",
    "sampleCount" : 600,
    "errorCount" : 0,
    "errorPct" : 0.0,
    "meanResTime" : 42.586666666666645,
    "medianResTime" : 38.5,
    "minResTime" : 26.0,
    "maxResTime" : 187.0,
    "pct1ResTime" : 58.0,
    "pct2ResTime" : 67.94999999999993,
    "pct3ResTime" : 95.98000000000002,
    "throughput" : 15.437657592754592,
    "receivedKBytesPerSec" : 74.50478889003242,
    "sentKBytesPerSec" : 3.4222151108938403
  },
  "MD Sản xuất_Delete-1" : {
    "transaction" : "MD Sản xuất_Delete-1",
    "sampleCount" : 600,
    "errorCount" : 0,
    "errorPct" : 0.0,
    "meanResTime" : 56.124999999999986,
    "medianResTime" : 50.0,
    "minResTime" : 33.0,
    "maxResTime" : 969.0,
    "pct1ResTime" : 73.89999999999998,
    "pct2ResTime" : 82.0,
    "pct3ResTime" : 107.0,
    "throughput" : 15.409111921516256,
    "receivedKBytesPerSec" : 14.837289408803738,
    "sentKBytesPerSec" : 5.537649596794904
  },
  "Total" : {
    "transaction" : "Total",
    "sampleCount" : 9600,
    "errorCount" : 0,
    "errorPct" : 0.0,
    "meanResTime" : 72.29739583333344,
    "medianResTime" : 48.0,
    "minResTime" : 26.0,
    "maxResTime" : 1243.0,
    "pct1ResTime" : 138.0,
    "pct2ResTime" : 163.0,
    "pct3ResTime" : 233.0,
    "throughput" : 237.47680890538032,
    "receivedKBytesPerSec" : 815.9206864564007,
    "sentKBytesPerSec" : 103.89610389610391
  },
  "MD Sản xuất_View" : {
    "transaction" : "MD Sản xuất_View",
    "sampleCount" : 600,
    "errorCount" : 0,
    "errorPct" : 0.0,
    "meanResTime" : 150.44500000000002,
    "medianResTime" : 131.0,
    "minResTime" : 98.0,
    "maxResTime" : 1221.0,
    "pct1ResTime" : 207.89999999999998,
    "pct2ResTime" : 246.8499999999998,
    "pct3ResTime" : 422.93000000000006,
    "throughput" : 15.208739955894654,
    "receivedKBytesPerSec" : 104.27789377962536,
    "sentKBytesPerSec" : 11.837271235203163
  },
  "MD Sản xuất_View-2" : {
    "transaction" : "MD Sản xuất_View-2",
    "sampleCount" : 600,
    "errorCount" : 0,
    "errorPct" : 0.0,
    "meanResTime" : 44.98999999999999,
    "medianResTime" : 39.0,
    "minResTime" : 27.0,
    "maxResTime" : 1023.0,
    "pct1ResTime" : 61.0,
    "pct2ResTime" : 73.8499999999998,
    "pct3ResTime" : 103.99000000000001,
    "throughput" : 15.452766045122077,
    "receivedKBytesPerSec" : 74.57770487792314,
    "sentKBytesPerSec" : 3.4255643478932725
  },
  "MD Sản xuất_View-1" : {
    "transaction" : "MD Sản xuất_View-1",
    "sampleCount" : 600,
    "errorCount" : 0,
    "errorPct" : 0.0,
    "meanResTime" : 55.66666666666666,
    "medianResTime" : 49.5,
    "minResTime" : 34.0,
    "maxResTime" : 1004.0,
    "pct1ResTime" : 74.0,
    "pct2ResTime" : 87.0,
    "pct3ResTime" : 117.97000000000003,
    "throughput" : 15.453960077269802,
    "receivedKBytesPerSec" : 14.548454603992273,
    "sentKBytesPerSec" : 5.282115260785576
  },
  "MD Sản xuất_View-0" : {
    "transaction" : "MD Sản xuất_View-0",
    "sampleCount" : 600,
    "errorCount" : 0,