{
  "Add_Bể" : {
    "transaction" : "Add_Bể",
    "sampleCount" : 225,
    "errorCount" : 0,
    "errorPct" : 0.0,
    "meanResTime" : 203.61333333333334,
    "medianResTime" : 162.0,
    "minResTime" : 102.0,
    "maxResTime" : 2380.0,
    "pct1ResTime" : 259.6,
    "pct2ResTime" : 366.89999999999947,
    "pct3ResTime" : 1446.0200000000002,
    "throughput" : 5.2062845639447435,
    "receivedKBytesPerSec" : 35.75761654123377,
    "sentKBytesPerSec" : 4.835133418272902
  },
  "Add_Bể-2" : {
    "transaction" : "Add_Bể-2",
    "sampleCount" : 225,
    "errorCount" : 0,
    "errorPct" : 0.0,
    "meanResTime" : 60.35555555555555,
    "medianResTime" : 47.0,
    "minResTime" : 25.0,
    "maxResTime" : 979.0,
    "pct1ResTime" : 83.4,
    "pct2ResTime" : 97.09999999999997,
    "pct3ResTime" : 502.28000000000293,
    "throughput" : 5.2340187959430535,
    "receivedKBytesPerSec" : 25.26027430620173,
    "sentKBytesPerSec" : 1.1704983440146088
  },
  "Update_Bể-2" : {
    "transaction" : "Update_Bể-2",
    "sampleCount" : 225,
    "errorCount" : 0,
    "errorPct" : 0.0,
    "meanResTime" : 61.857777777777805,
    "medianResTime" : 49.0,
    "minResTime" : 27.0,
    "maxResTime" : 1026.0,
    "pct1ResTime" : 78.80000000000001,
    "pct2ResTime" : 92.69999999999999,
    "pct3ResTime" : 592.3800000000026,
    "throughput" : 5.234140554121013,
    "receivedKBytesPerSec" : 25.26086193209575,
    "sentKBytesPerSec" : 1.1705255731383906
  },
  "Update_Bể-0" : {
    "transaction" : "Update_Bể-0",
    "sampleCount" : 225,
    "errorCount" : 0,
    "errorPct" : 0.0,
    "meanResTime" : 71.51555555555557,
    "medianResTime" : 51.0,
    "minResTime" : 24.0,
    "maxResTime" : 2192.0,
    "pct1ResTime" : 92.0,
    "pct2ResTime" : 137.0,
    "pct3ResTime" : 460.7400000000014,
    "throughput" : 5.224296461409863,
    "receivedKBytesPerSec" : 5.729379810706325,
    "sentKBytesPerSec" : 1.8723796888060742
  },
  "Update_Bể-1" : {
    "transaction" : "Update_Bể-1",
    "sampleCount" : 225,
    "errorCount" : 0,
    "errorPct" : 0.0,
    "meanResTime" : 78.03999999999999,
    "medianResTime" : 53.0,
    "minResTime" : 35.0,
    "maxResTime" : 2200.0,
    "pct1ResTime" : 93.4,
    "pct2ResTime" : 124.99999999999977,
    "pct3ResTime" : 521.580000000002,
    "throughput" : 5.22866703848299,
    "receivedKBytesPerSec" : 4.942724309815952,
    "sentKBytesPerSec" : 1.807566534788065
  },
  "Add_Bể-0" : {
    "transaction" : "Add_Bể-0",
    "sampleCount" : 225,
    "errorCount" : 0,
    "errorPct" : 0.0,
    "meanResTime" : 65.52444444444447,
    "medianResTime" : 52.0,
    "minResTime" : 25.0,
    "maxResTime" : 667.0,
    "pct1ResTime" : 93.0,
    "pct2ResTime" : 134.79999999999995,
    "pct3ResTime" : 322.84000000000015,
    "throughput" : 5.223932576443547,
    "receivedKBytesPerSec" : 5.728980745455179,
    "sentKBytesPerSec" : 1.8773507696593996
  },
  "Add_Bể-1" : {
    "transaction" : "Add_Bể-1",
    "sampleCount" : 225,
    "errorCount" : 0,
    "errorPct" : 0.0,
    "meanResTime" : 77.56888888888885,
    "medianResTime" : 54.0,
    "minResTime" : 35.0,
    "maxResTime" : 2178.0,
    "pct1ResTime" : 92.4,
    "pct2ResTime" : 100.69999999999999,
    "pct3ResTime" : 866.5200000000059,
    "throughput" : 5.229031583350764,
    "receivedKBytesPerSec" : 4.943068918636268,
    "sentKBytesPerSec" : 1.8076925590880568
  },
  "ViewMD_Bể-0" : {
    "transaction" : "ViewMD_Bể-0",
    "sampleCount" : 225,
    "errorCount" : 0,
    "errorPct" : 0.0,
    "meanResTime" : 91.01333333333336,
    "medianResTime" : 54.0,
    "minResTime" : 24.0,
    "maxResTime" : 2191.0,
    "pct1ResTime" : 115.80000000000007,
    "pct2ResTime" : 249.99999999999966,
    "pct3ResTime" : 1768.1200000000144,
    "throughput" : 5.194865164388623,
    "receivedKBytesPerSec" : 5.6971031050863505,
    "sentKBytesPerSec" : 1.1262305336858147
  },
  "Update_Bể" : {
    "transaction" : "Update_Bể",
    "sampleCount" : 225,
    "errorCount" : 0,
    "errorPct" : 0.0,
    "meanResTime" : 211.63555555555556,
    "medianResTime" : 167.0,
    "minResTime" : 95.0,
    "maxResTime" : 2704.0,
    "pct1ResTime" : 238.20000000000002,
    "pct2ResTime" : 344.0999999999996,
    "pct3ResTime" : 2173.1000000000085,
    "throughput" : 5.206405035172159,
    "receivedKBytesPerSec" : 35.758443957388465,
    "sentKBytesPerSec" : 4.830160921302295
  },
  "Total" : {
    "transaction" : "Total",
    "sampleCount" : 2700,
    "errorCount" : 0,
    "errorPct" : 0.0,
    "meanResTime" : 105.95407407407386,
    "medianResTime" : 62.0,
    "minResTime" : 24.0,
    "maxResTime" : 2704.0,
    "pct1ResTime" : 187.0,
    "pct2ResTime" : 225.94999999999982,
    "pct3ResTime" : 750.1599999999817,
    "throughput" : 61.32879045996593,
    "receivedKBytesPerSec" : 210.6080973168654,
    "sentKBytesPerSec" : 27.011020017035776
  },
  "ViewMD_Bể" : {
    "transaction" : "ViewMD_Bể",
    "sampleCount" : 225,
    "errorCount" : 0,
    "errorPct" : 0.0,
    "meanResTime" : 220.76444444444456,
    "medianResTime" : 168.0,
    "minResTime" : 99.0,
    "maxResTime" : 2703.0,
    "pct1ResTime" : 274.4,
    "pct2ResTime" : 459.9999999999999,
    "pct3ResTime" : 2187.820000000009,
    "throughput" : 5.176578856551248,
    "receivedKBytesPerSec" : 35.55359286926262,
    "sentKBytesPerSec" : 4.069478495628666
  },
  "ViewMD_Bể-1" : {
    "transaction" : "ViewMD_Bể-1",
    "sampleCount" : 225,
    "errorCount" : 0,
    "errorPct" : 0.0,
    "meanResTime" : 68.12,
    "medianResTime" : 54.0,
    "minResTime" : 34.0,
    "maxResTime" : 995.0,
    "pct1ResTime" : 91.20000000000002,
    "pct2ResTime" : 107.0,
    "pct3ResTime" : 483.8800000000033,
    "throughput" : 5.2291531096030495,
    "receivedKBytesPerSec" : 4.943183798921632,
    "sentKBytesPerSec" : 1.8077345710932418
  },
  "ViewMD_Bể-2" : {
    "transaction" : "ViewMD_Bể-2",
    "sampleCount" : 225,
    "errorCount" : 0,
    "errorPct" : 0.0,
    "meanResTime" : 61.44,
    "medianResTime" : 49.0,
    "minResTime" : 26.0,
    "maxResTime" : 1338.0,
    "pct1ResTime" : 78.0,
    "pct2ResTime" : 95.0,
    "pct3ResTime" : 334.12000000000126,
    "throughput" : 5.234871222167935,
    "receivedKBytesPerSec" : 25.264388261673762,
    "sentKBytesPerSec" : 1.1706889744887274
  }
}