{
  "Phương pháp kiểm tra_Update-0" : {
    "transaction" : "Phương pháp kiểm tra_Update-0",
    "sampleCount" : 100,
    "errorCount" : 0,
    "errorPct" : 0.0,
    "meanResTime" : 80.37000000000002,
    "medianResTime" : 64.5,
    "minResTime" : 28.0,
    "maxResTime" : 391.0,
    "pct1ResTime" : 120.9,
    "pct2ResTime" : 201.99999999999977,
    "pct3ResTime" : 390.4499999999997,
    "throughput" : 1.3088833915786444,
    "receivedKBytesPerSec" : 1.4200873516053456,
    "sentKBytesPerSec" : 0.4767710010340179
  },
  "Phương pháp kiểm tra_Update-2" : {
    "transaction" : "Phương pháp kiểm tra_Update-2",
    "sampleCount" : 100,
    "errorCount" : 0,
    "errorPct" : 0.0,
    "meanResTime" : 62.38000000000002,
    "medianResTime" : 54.0,
    "minResTime" : 32.0,
    "maxResTime" : 117.0,
    "pct1ResTime" : 100.9,
    "pct2ResTime" : 111.94999999999999,
    "pct3ResTime" : 116.99,
    "throughput" : 1.3090375955597444,
    "receivedKBytesPerSec" : 6.317640427008064,
    "sentKBytesPerSec" : 0.28890868808252174
  },
  "Phương pháp kiểm tra_Update-1" : {
    "transaction" : "Phương pháp kiểm tra_Update-1",
    "sampleCount" : 100,
    "errorCount" : 0,
    "errorPct" : 0.0,
    "meanResTime" : 72.07999999999998,
    "medianResTime" : 61.0,
    "minResTime" : 38.0,
    "maxResTime" : 187.0,
    "pct1ResTime" : 109.70000000000002,
    "pct2ResTime" : 137.95,
    "pct3ResTime" : 186.71999999999986,
    "throughput" : 1.309328968903437,
    "receivedKBytesPerSec" : 1.2300531914893618,
    "sentKBytesPerSec" : 0.4449672667757774
  },
  "Phương pháp kiểm tra_Delete-1" : {
    "transaction" : "Phương pháp kiểm tra_Delete-1",
    "sampleCount" : 100,
    "errorCount" : 0,
    "errorPct" : 0.0,
    "meanResTime" : 75.26000000000003,
    "medianResTime" : 75.0,
    "minResTime" : 39.0,
    "maxResTime" : 151.0,
    "pct1ResTime" : 106.80000000000001,
    "pct2ResTime" : 116.84999999999997,
    "pct3ResTime" : 150.88999999999993,
    "throughput" : 1.3046654837699614,
    "receivedKBytesPerSec" : 1.286828260359044,
    "sentKBytesPerSec" : 0.4994422555056884
  },
  "Phương pháp kiểm tra_View-0" : {
    "transaction" : "Phương pháp kiểm tra_View-0",
    "sampleCount" : 100,
    "errorCount" : 0,
    "errorPct" : 0.0,
    "meanResTime" : 116.68000000000006,
    "medianResTime" : 73.0,
    "minResTime" : 27.0,
    "maxResTime" : 443.0,
    "pct1ResTime" : 331.8,
    "pct2ResTime" : 397.6499999999999,
    "pct3ResTime" : 442.72999999999985,
    "throughput" : 1.349327360310885,
    "receivedKBytesPerSec" : 1.463967477837298,
    "sentKBytesPerSec" : 0.2885768475664881
  },
  "Phương pháp kiểm tra_Delete-2" : {
    "transaction" : "Phương pháp kiểm tra_Delete-2",
    "sampleCount" : 100,
    "errorCount" : 0,
    "errorPct" : 0.0,
    "meanResTime" : 60.279999999999994,
    "medianResTime" : 53.0,
    "minResTime" : 29.0,
    "maxResTime" : 121.0,
    "pct1ResTime" : 94.10000000000005,
    "pct2ResTime" : 115.94999999999999,
    "pct3ResTime" : 120.99,
    "throughput" : 1.3052955841850387,
    "receivedKBytesPerSec" : 6.299580836955529,
    "sentKBytesPerSec" : 0.31867567973267547
  },
  "Phương pháp kiểm tra_View" : {
    "transaction" : "Phương pháp kiểm tra_View",
    "sampleCount" : 100,
    "errorCount" : 0,
    "errorPct" : 0.0,
    "meanResTime" : 248.50000000000003,
    "medianResTime" : 198.5,
    "minResTime" : 107.0,
    "maxResTime" : 606.0,
    "pct1ResTime" : 478.6,
    "pct2ResTime" : 522.5999999999997,
    "pct3ResTime" : 605.5699999999998,
    "throughput" : 1.3464930588282817,
    "receivedKBytesPerSec" : 9.224266413750387,
    "sentKBytesPerSec" : 1.0427431598152612
  },
  "Phương pháp kiểm tra_View-1" : {
    "transaction" : "Phương pháp kiểm tra_View-1",
    "sampleCount" : 100,
    "errorCount" : 0,
    "errorPct" : 0.0,
    "meanResTime" : 72.50000000000001,
    "medianResTime" : 65.5,
    "minResTime" : 38.0,
    "maxResTime" : 158.0,
    "pct1ResTime" : 106.70000000000002,
    "pct2ResTime" : 127.59999999999991,
    "pct3ResTime" : 157.98,
    "throughput" : 1.355527842541886,
    "receivedKBytesPerSec" : 1.2734548677004824,
    "sentKBytesPerSec" : 0.46066766523884395
  },
  "Phương pháp kiểm tra_View-2" : {
    "transaction" : "Phương pháp kiểm tra_View-2",
    "sampleCount" : 100,
    "errorCount" : 0,
    "errorPct" : 0.0,
    "meanResTime" : 59.17,
    "medianResTime" : 53.0,
    "minResTime" : 28.0,
    "maxResTime" : 142.0,
    "pct1ResTime" : 84.0,
    "pct2ResTime" : 111.64999999999992,
    "pct3ResTime" : 141.83999999999992,
    "throughput" : 1.356557599435672,
    "receivedKBytesPerSec" : 6.546980133213957,
    "sentKBytesPerSec" : 0.2993965014379511
  },
  "Phương pháp kiểm tra_Delete-0" : {
    "transaction" : "Phương pháp kiểm tra_Delete-0",
    "sampleCount" : 100,
    "errorCount" : 0,
    "errorPct" : 0.0,
    "meanResTime" : 74.69000000000004,
    "medianResTime" : 65.5,
    "minResTime" : 27.0,
    "maxResTime" : 444.0,
    "pct1ResTime" : 103.9,
    "pct2ResTime" : 162.74999999999972,
    "pct3ResTime" : 442.039999999999,
    "throughput" : 1.3052444722896597,
    "receivedKBytesPerSec" : 1.5334073243793562,
    "sentKBytesPerSec" : 0.43975521771477794
  },
  "Phương pháp kiểm tra_Add" : {
    "transaction" : "Phương pháp kiểm tra_Add",
    "sampleCount" : 100,
    "errorCount" : 0,
    "errorPct" : 0.0,
    "meanResTime" : 201.59999999999997,
    "medianResTime" : 193.0,
    "minResTime" : 114.0,
    "maxResTime" : 436.0,
    "pct1ResTime" : 270.30000000000007,
    "pct2ResTime" : 302.9,
    "pct3ResTime" : 434.8799999999994,
    "throughput" : 1.327192854393672,
    "receivedKBytesPerSec" : 9.092048704659774,
    "sentKBytesPerSec" : 1.2248019994160353
  },
  "Phương pháp kiểm tra_Add-2" : {
    "transaction" : "Phương pháp kiểm tra_Add-2",
    "sampleCount" : 100,
    "errorCount" : 0,
    "errorPct" : 0.0,
    "meanResTime" : 64.06,
    "medianResTime" : 53.0,
    "minResTime" : 33.0,
    "maxResTime" : 143.0,
    "pct1ResTime" : 104.60000000000002,
    "pct2ResTime" : 115.0,
    "pct3ResTime" : 142.76999999999987,
    "throughput" : 1.3313629162173315,
    "receivedKBytesPerSec" : 6.425386261666067,
    "sentKBytesPerSec" : 0.2938359561182783
  },
  "Phương pháp kiểm tra_Add-1" : {
    "transaction" : "Phương pháp kiểm tra_Add-1",
    "sampleCount" : 100,
    "errorCount" : 0,
    "errorPct" : 0.0,
    "meanResTime" : 75.3,
    "medianResTime" : 70.0,
    "minResTime" : 39.0,
    "maxResTime" : 188.0,
    "pct1ResTime" : 111.9,
    "pct2ResTime" : 139.5499999999999,
    "pct3ResTime" : 187.8499999999999,
    "throughput" : 1.330831370357062,
    "receivedKBytesPerSec" : 1.2502536897299743,
    "sentKBytesPerSec" : 0.45227472351978276
  },
  "Phương pháp kiểm tra_Update" : {
    "transaction" : "Phương pháp kiểm tra_Update",
    "sampleCount" : 100,
    "errorCount" : 0,
    "errorPct" : 0.0,
    "meanResTime" : 215.01999999999998,
    "medianResTime" : 196.0,
    "minResTime" : 109.0,
    "maxResTime" : 512.0,
    "pct1ResTime" : 320.40000000000003,
    "pct2ResTime" : 380.0999999999998,
    "pct3ResTime" : 511.8299999999999,
    "throughput" : 1.3059604032805725,
    "receivedKBytesPerSec" : 8.946593973645719,
    "sentKBytesPerSec" : 1.207758302643264
  },
  "Phương pháp kiểm tra_Delete" : {
    "transaction" : "Phương pháp kiểm tra_Delete",
    "sampleCount" : 100,
    "errorCount" : 0,
    "errorPct" : 0.0,
    "meanResTime" : 210.47000000000003,
    "medianResTime" : 203.0,
    "minResTime" : 117.0,
    "maxResTime" : 661.0,
    "pct1ResTime" : 287.9,
    "pct2ResTime" : 311.24999999999983,
    "pct3ResTime" : 658.3499999999987,
    "throughput" : 1.302727912248248,
    "receivedKBytesPerSec" : 9.102556847789272,
    "sentKBytesPerSec" : 1.2556566888564655
  },
  "Phương pháp kiểm tra_Add-0" : {
    "transaction" : "Phương pháp kiểm tra_Add-0",
    "sampleCount" : 100,
    "errorCount" : 0,
    "errorPct" : 0.0,
    "meanResTime" : 62.070000000000014,
    "medianResTime" : 56.5,
    "minResTime" : 30.0,