{
  "Sản phẩm_Add" : {
    "transaction" : "Sản phẩm_Add",
    "sampleCount" : 300,
    "errorCount" : 0,
    "errorPct" : 0.0,
    "meanResTime" : 142.7499999999999,
    "medianResTime" : 122.0,
    "minResTime" : 90.0,
    "maxResTime" : 1162.0,
    "pct1ResTime" : 176.0,
    "pct2ResTime" : 198.95,
    "pct3ResTime" : 1099.1800000000062,
    "throughput" : 10.460251046025103,
    "receivedKBytesPerSec" : 50.48296940376569,
    "sentKBytesPerSec" : 2.0225876046025104
  },
  "Sản phẩm_Xóa" : {
    "transaction" : "Sản phẩm_Xóa",
    "sampleCount" : 300,
    "errorCount" : 0,
    "errorPct" : 0.0,
    "meanResTime" : 144.20000000000005,
    "medianResTime" : 125.0,
    "minResTime" : 97.0,
    "maxResTime" : 1171.0,
    "pct1ResTime" : 174.90000000000003,
    "pct2ResTime" : 204.79999999999995,
    "pct3ResTime" : 1141.1100000000063,
    "throughput" : 10.451140916216687,
    "receivedKBytesPerSec" : 69.67767483887825,
    "sentKBytesPerSec" : 7.8689742640654945
  },
  "Sản phẩm_Xóa-2" : {
    "transaction" : "Sản phẩm_Xóa-2",
    "sampleCount" : 300,
    "errorCount" : 0,
    "errorPct" : 0.0,
    "meanResTime" : 50.34999999999999,
    "medianResTime" : 37.0,
    "minResTime" : 27.0,
    "maxResTime" : 1091.0,
    "pct1ResTime" : 53.0,
    "pct2ResTime" : 60.94999999999999,
    "pct3ResTime" : 1040.7800000000084,
    "throughput" : 10.509721492380452,
    "receivedKBytesPerSec" : 50.72172228060956,
    "sentKBytesPerSec" : 2.299001576458224
  },
  "Sản phẩm_View" : {
    "transaction" : "Sản phẩm_View",
    "sampleCount" : 300,
    "errorCount" : 0,
    "errorPct" : 0.0,
    "meanResTime" : 144.4166666666666,
    "medianResTime" : 127.0,
    "minResTime" : 93.0,
    "maxResTime" : 681.0,
    "pct1ResTime" : 194.5000000000005,
    "pct2ResTime" : 247.74999999999994,
    "pct3ResTime" : 441.98,
    "throughput" : 10.375955452564591,
    "receivedKBytesPerSec" : 71.44615419534465,
    "sentKBytesPerSec" : 8.278472270259053
  },
  "Sản phẩm_Xóa-0" : {
    "transaction" : "Sản phẩm_Xóa-0",
    "sampleCount" : 300,
    "errorCount" : 0,
    "errorPct" : 0.0,
    "meanResTime" : 41.92,
    "medianResTime" : 38.0,
    "minResTime" : 28.0,
    "maxResTime" : 141.0,
    "pct1ResTime" : 53.900000000000034,
    "pct2ResTime" : 70.0,
    "pct3ResTime" : 99.90000000000009,
    "throughput" : 10.511194422059493,
    "receivedKBytesPerSec" : 9.515505106688623,
    "sentKBytesPerSec" : 2.94600859290144
  },
  "Sản phẩm_Update" : {
    "transaction" : "Sản phẩm_Update",
    "sampleCount" : 300,
    "errorCount" : 0,
    "errorPct" : 0.0,
    "meanResTime" : 137.5966666666667,
    "medianResTime" : 124.0,
    "minResTime" : 94.0,
    "maxResTime" : 1176.0,
    "pct1ResTime" : 165.60000000000014,
    "pct2ResTime" : 195.89999999999998,
    "pct3ResTime" : 296.93000000000006,
    "throughput" : 10.456605088881142,
    "receivedKBytesPerSec" : 68.16195211746253,
    "sentKBytesPerSec" : 8.924875827814569
  },
  "Sản phẩm_Xóa-1" : {
    "transaction" : "Sản phẩm_Xóa-1",
    "sampleCount" : 300,
    "errorCount" : 0,
    "errorPct" : 0.0,
    "meanResTime" : 51.81333333333335,
    "medianResTime" : 49.0,
    "minResTime" : 34.0,
    "maxResTime" : 305.0,
    "pct1ResTime" : 67.0,
    "pct2ResTime" : 75.94999999999999,
    "pct3ResTime" : 108.98000000000002,
    "throughput" : 10.499422531760754,
    "receivedKBytesPerSec" : 9.82270193889336,
    "sentKBytesPerSec" : 2.6658690022048788
  },
  "Sản phẩm_View-0" : {
    "transaction" : "Sản phẩm_View-0",
    "sampleCount" : 300,
    "errorCount" : 0,
    "errorPct" : 0.0,
    "meanResTime" : 53.26000000000001,
    "medianResTime" : 39.0,
    "minResTime" : 27.0,
    "maxResTime" : 588.0,
    "pct1ResTime" : 64.0,
    "pct2ResTime" : 159.95,
    "pct3ResTime" : 305.8000000000002,
    "throughput" : 10.44022968505307,
    "receivedKBytesPerSec" : 11.57193427005394,
    "sentKBytesPerSec" : 2.293995780407169
  },
  "Sản phẩm_View-1" : {
    "transaction" : "Sản phẩm_View-1",
    "sampleCount" : 300,
    "errorCount" : 0,
    "errorPct" : 0.0,
    "meanResTime" : 51.16666666666668,
    "medianResTime" : 47.5,
    "minResTime" : 35.0,
    "maxResTime" : 300.0,
    "pct1ResTime" : 66.7000000000001,
    "pct2ResTime" : 76.94999999999999,
    "pct3ResTime" : 105.95000000000005,
    "throughput" : 10.55260473460199,
    "receivedKBytesPerSec" : 10.037340831545254,
    "sentKBytesPerSec" : 3.7099001020085125
  },
  "Sản phẩm_View-2" : {
    "transaction" : "Sản phẩm_View-2",
    "sampleCount" : 300,
    "errorCount" : 0,
    "errorPct" : 0.0,
    "meanResTime" : 39.90666666666668,
    "medianResTime" : 37.0,
    "minResTime" : 27.0,
    "maxResTime" : 85.0,
    "pct1ResTime" : 53.0,
    "pct2ResTime" : 60.849999999999966,
    "pct3ResTime" : 78.99000000000001,
    "throughput" : 10.56338028169014,
    "receivedKBytesPerSec" : 50.980688820422536,
    "sentKBytesPerSec" : 2.3932658450704225
  },
  "Sản phẩm_Update-0" : {
    "transaction" : "Sản phẩm_Update-0",
    "sampleCount" : 300,
    "errorCount" : 0,
    "errorPct" : 0.0,
    "meanResTime" : 43.88666666666667,
    "medianResTime" : 37.5,
    "minResTime" : 27.0,
    "maxResTime" : 997.0,
    "pct1ResTime" : 51.0,
    "pct2ResTime" : 61.94999999999999,
    "pct3ResTime" : 143.91000000000008,
    "throughput" : 10.509353324458768,
    "receivedKBytesPerSec" : 8.487534374343166,
    "sentKBytesPerSec" : 4.76205072514538
  },
  "Sản phẩm_Update-1" : {
    "transaction" : "Sản phẩm_Update-1",
    "sampleCount" : 300,
    "errorCount" : 0,
    "errorPct" : 0.0,
    "meanResTime" : 50.05333333333332,
    "medianResTime" : 47.0,
    "minResTime" : 32.0,
    "maxResTime" : 118.0,
    "pct1ResTime" : 68.90000000000003,
    "pct2ResTime" : 76.0,
    "pct3ResTime" : 97.99000000000001,
    "throughput" : 10.525577152480528,
    "receivedKBytesPerSec" : 9.312668847800154,
    "sentKBytesPerSec" : 2.1791233948494844
  },
  "Total" : {
    "transaction" : "Total",
    "sampleCount" : 3900,
    "errorCount" : 0,
    "errorPct" : 0.0,
    "meanResTime" : 76.52743589743595,
    "medianResTime" : 49.0,
    "minResTime" : 27.0,
    "maxResTime" : 1176.0,
    "pct1ResTime" : 136.0,
    "pct2ResTime" : 159.0,
    "pct3ResTime" : 263.91999999999825,
    "throughput" : 130.8637004227904,
    "receivedKBytesPerSec" : 452.67515602979665,
    "sentKBytesPerSec" : 50.35185348298772
  },
  "Sản phẩm_Update-2" : {
    "transaction" : "Sản phẩm_Update-2",
    "sampleCount" : 300,
    "errorCount" : 0,
    "errorPct" : 0.0,
    "meanResTime" : 43.536666666666655,
    "medianResTime" : 36.0,
    "minResTime" : 27.0,
    "maxResTime" : 1077.0,
    "pct1ResTime" : 53.0,
    "pct2ResTime" : 65.94999999999999,
    "pct3ResTime" : 84.0,
    "throughput" : 10.524838619141175,
    "receivedKBytesPerSec" : 50.79468013261297,
    "sentKBytesPerSec" : 2.035076217373
  }
}