{
  "Phương pháp kiểm tra_Update-0" : {
    "transaction" : "Phương pháp kiểm tra_Update-0",
    "sampleCount" : 100,
    "errorCount" : 0,
    "errorPct" : 0.0,
    "meanResTime" : 67.39999999999999,
    "medianResTime" : 44.0,
    "minResTime" : 27.0,
    "maxResTime" : 937.0,
    "pct1ResTime" : 104.80000000000001,
    "pct2ResTime" : 142.74999999999994,
    "pct3ResTime" : 931.3699999999972,
    "throughput" : 5.580668564093979,
    "receivedKBytesPerSec" : 6.054807397176181,
    "sentKBytesPerSec" : 2.0328021234443887
  },
  "Phương pháp kiểm tra_Update-2" : {
    "transaction" : "Phương pháp kiểm tra_Update-2",
    "sampleCount" : 100,
    "errorCount" : 0,
    "errorPct" : 0.0,
    "meanResTime" : 67.11000000000001,
    "medianResTime" : 39.0,
    "minResTime" : 26.0,
    "maxResTime" : 1001.0,
    "pct1ResTime" : 78.70000000000002,
    "pct2ResTime" : 122.94999999999999,
    "pct3ResTime" : 997.5299999999982,
    "throughput" : 5.589714924538848,
    "receivedKBytesPerSec" : 26.976924958077138,
    "sentKBytesPerSec" : 1.233667551704863
  },
  "Phương pháp kiểm tra_Update-1" : {
    "transaction" : "Phương pháp kiểm tra_Update-1",
    "sampleCount" : 100,
    "errorCount" : 0,
    "errorPct" : 0.0,
    "meanResTime" : 63.690000000000005,
    "medianResTime" : 48.5,
    "minResTime" : 33.0,
    "maxResTime" : 594.0,
    "pct1ResTime" : 88.90000000000006,
    "pct2ResTime" : 107.34999999999985,
    "pct3ResTime" : 591.4799999999987,
    "throughput" : 5.5853440571939235,
    "receivedKBytesPerSec" : 5.24716892873101,
    "sentKBytesPerSec" : 1.8981442694369974
  },
  "Phương pháp kiểm tra_Delete-1" : {
    "transaction" : "Phương pháp kiểm tra_Delete-1",
    "sampleCount" : 100,
    "errorCount" : 0,
    "errorPct" : 0.0,
    "meanResTime" : 63.74000000000001,
    "medianResTime" : 49.0,
    "minResTime" : 30.0,
    "maxResTime" : 381.0,
    "pct1ResTime" : 88.40000000000003,
    "pct2ResTime" : 193.1999999999989,
    "pct3ResTime" : 380.92999999999995,
    "throughput" : 5.643659348721711,
    "receivedKBytesPerSec" : 5.566499943563406,
    "sentKBytesPerSec" : 2.16046334443253
  },
  "Phương pháp kiểm tra_View-0" : {
    "transaction" : "Phương pháp kiểm tra_View-0",
    "sampleCount" : 100,
    "errorCount" : 0,
    "errorPct" : 0.0,
    "meanResTime" : 88.03,
    "medianResTime" : 47.0,
    "minResTime" : 25.0,
    "maxResTime" : 906.0,
    "pct1ResTime" : 174.4000000000001,
    "pct2ResTime" : 432.64999999999856,
    "pct3ResTime" : 903.6799999999988,
    "throughput" : 5.247691015952981,
    "receivedKBytesPerSec" : 5.693539764378673,
    "sentKBytesPerSec" : 1.1223089184508817
  },
  "Phương pháp kiểm tra_Delete-2" : {
    "transaction" : "Phương pháp kiểm tra_Delete-2",
    "sampleCount" : 100,
    "errorCount" : 0,
    "errorPct" : 0.0,
    "meanResTime" : 71.36,
    "medianResTime" : 41.5,
    "minResTime" : 26.0,
    "maxResTime" : 751.0,
    "pct1ResTime" : 81.50000000000003,
    "pct2ResTime" : 362.9499999999975,
    "pct3ResTime" : 750.0399999999995,
    "throughput" : 5.644933672029354,
    "receivedKBytesPerSec" : 27.243420124188543,
    "sentKBytesPerSec" : 1.3781576347727915
  },
  "Phương pháp kiểm tra_View" : {
    "transaction" : "Phương pháp kiểm tra_View",
    "sampleCount" : 100,
    "errorCount" : 0,
    "errorPct" : 0.0,
    "meanResTime" : 212.77000000000004,
    "medianResTime" : 144.5,
    "minResTime" : 97.0,
    "maxResTime" : 1288.0,
    "pct1ResTime" : 456.60000000000105,
    "pct2ResTime" : 660.3999999999992,
    "pct3ResTime" : 1285.6699999999987,
    "throughput" : 5.2088759245754765,
    "receivedKBytesPerSec" : 35.68385215907907,
    "sentKBytesPerSec" : 4.033826765808938
  },
  "Phương pháp kiểm tra_View-1" : {
    "transaction" : "Phương pháp kiểm tra_View-1",
    "sampleCount" : 100,
    "errorCount" : 0,
    "errorPct" : 0.0,
    "meanResTime" : 63.47000000000001,
    "medianResTime" : 49.0,
    "minResTime" : 32.0,
    "maxResTime" : 376.0,
    "pct1ResTime" : 90.10000000000005,
    "pct2ResTime" : 114.64999999999992,
    "pct3ResTime" : 375.98,
    "throughput" : 5.412719891745603,
    "receivedKBytesPerSec" : 5.084996617050067,
    "sentKBytesPerSec" : 1.8394790257104194
  },
  "Phương pháp kiểm tra_View-2" : {
    "transaction" : "Phương pháp kiểm tra_View-2",
    "sampleCount" : 100,
    "errorCount" : 0,
    "errorPct" : 0.0,
    "meanResTime" : 61.17000000000001,
    "medianResTime" : 40.0,
    "minResTime" : 26.0,
    "maxResTime" : 572.0,
    "pct1ResTime" : 78.70000000000002,
    "pct2ResTime" : 106.49999999999989,
    "pct3ResTime" : 571.6799999999998,
    "throughput" : 5.425935973955507,
    "receivedKBytesPerSec" : 26.1864995930548,
    "sentKBytesPerSec" : 1.197521025501899
  },
  "Phương pháp kiểm tra_Delete-0" : {
    "transaction" : "Phương pháp kiểm tra_Delete-0",
    "sampleCount" : 100,
    "errorCount" : 0,
    "errorPct" : 0.0,
    "meanResTime" : 55.620000000000005,
    "medianResTime" : 41.5,
    "minResTime" : 26.0,
    "maxResTime" : 942.0,
    "pct1ResTime" : 69.9,
    "pct2ResTime" : 86.0,
    "pct3ResTime" : 933.9699999999959,
    "throughput" : 5.648760097158673,
    "receivedKBytesPerSec" : 6.636189840704965,
    "sentKBytesPerSec" : 1.9031467124216235
  },
  "Phương pháp kiểm tra_Add" : {
    "transaction" : "Phương pháp kiểm tra_Add",
    "sampleCount" : 100,
    "errorCount" : 0,
    "errorPct" : 0.0,
    "meanResTime" : 196.41000000000005,
    "medianResTime" : 127.5,
    "minResTime" : 95.0,
    "maxResTime" : 1009.0,
    "pct1ResTime" : 476.20000000000044,
    "pct2ResTime" : 603.4499999999991,
    "pct3ResTime" : 1007.5599999999993,
    "throughput" : 5.363368195226602,
    "receivedKBytesPerSec" : 36.74221473585412,
    "sentKBytesPerSec" : 4.949592719227675
  },
  "Phương pháp kiểm tra_Add-2" : {
    "transaction" : "Phương pháp kiểm tra_Add-2",
    "sampleCount" : 100,
    "errorCount" : 0,
    "errorPct" : 0.0,
    "meanResTime" : 69.32000000000002,
    "medianResTime" : 39.0,
    "minResTime" : 26.0,
    "maxResTime" : 776.0,
    "pct1ResTime" : 108.40000000000003,
    "pct2ResTime" : 272.1499999999989,
    "pct3ResTime" : 773.9299999999989,
    "throughput" : 5.590027391134216,
    "receivedKBytesPerSec" : 26.978432975571582,
    "sentKBytesPerSec" : 1.233736514058919
  },
  "Phương pháp kiểm tra_Add-1" : {
    "transaction" : "Phương pháp kiểm tra_Add-1",
    "sampleCount" : 100,
    "errorCount" : 0,
    "errorPct" : 0.0,
    "meanResTime" : 68.20000000000005,
    "medianResTime" : 48.0,
    "minResTime" : 32.0,
    "maxResTime" : 602.0,
    "pct1ResTime" : 91.9,
    "pct2ResTime" : 191.84999999999928,
    "pct3ResTime" : 599.909999999999,
    "throughput" : 5.48456096089508,
    "receivedKBytesPerSec" : 5.152487933965886,
    "sentKBytesPerSec" : 1.8638937640541875
  },
  "Phương pháp kiểm tra_Update" : {
    "transaction" : "Phương pháp kiểm tra_Update",
    "sampleCount" : 100,
    "errorCount" : 0,
    "errorPct" : 0.0,
    "meanResTime" : 198.30999999999995,
    "medianResTime" : 129.0,
    "minResTime" : 93.0,
    "maxResTime" : 1151.0,
    "pct1ResTime" : 415.9000000000008,
    "pct2ResTime" : 686.1499999999985,
    "pct3ResTime" : 1150.7199999999998,
    "throughput" : 5.535259603675413,
    "receivedKBytesPerSec" : 37.919771601350604,
    "sentKBytesPerSec" : 5.1190340280084135
  },
  "Phương pháp kiểm tra_Delete" : {
    "transaction" : "Phương pháp kiểm tra_Delete",
    "sampleCount" : 100,
    "errorCount" : 0,
    "errorPct" : 0.0,
    "meanResTime" : 190.84999999999988,
    "medianResTime" : 130.5,
    "minResTime" : 96.0,
    "maxResTime" : 1067.0,
    "pct1ResTime" : 241.40000000000003,
    "pct2ResTime" : 939.3999999999971,
    "pct3ResTime" : 1066.1999999999996,
    "throughput" : 5.604124635731899,
    "receivedKBytesPerSec" : 39.15772633658372,
    "sentKBytesPerSec" : 5.401631851042366
  },
  "Phương pháp kiểm tra_Add-0" : {
    "transaction" : "Phương pháp kiểm tra_Add-0",
    "sampleCount" : 100,
    "errorCount" : 0,