{
  "AddLSX-1" : {
    "transaction" : "AddLSX-1",
    "sampleCount" : 300,
    "errorCount" : 0,
    "errorPct" : 0.0,
    "meanResTime" : 54.2666666666667,
    "medianResTime" : 46.0,
    "minResTime" : 28.0,
    "maxResTime" : 402.0,
    "pct1ResTime" : 74.0,
    "pct2ResTime" : 93.94999999999999,
    "pct3ResTime" : 378.32000000000244,
    "throughput" : 7.61054313909536,
    "receivedKBytesPerSec" : 7.164612877038992,
    "sentKBytesPerSec" : 2.6012598619954845
  },
  "AddLSX-2" : {
    "transaction" : "AddLSX-2",
    "sampleCount" : 300,
    "errorCount" : 0,
    "errorPct" : 0.0,
    "meanResTime" : 52.94000000000002,
    "medianResTime" : 38.0,
    "minResTime" : 24.0,
    "maxResTime" : 430.0,
    "pct1ResTime" : 70.0,
    "pct2ResTime" : 96.79999999999995,
    "pct3ResTime" : 371.96000000000004,
    "throughput" : 7.619241123584091,
    "receivedKBytesPerSec" : 36.771767219484936,
    "sentKBytesPerSec" : 1.6890309912632702
  },
  "Receive_LSX-1" : {
    "transaction" : "Receive_LSX-1",
    "sampleCount" : 300,
    "errorCount" : 0,
    "errorPct" : 0.0,
    "meanResTime" : 61.909999999999975,
    "medianResTime" : 47.0,
    "minResTime" : 30.0,
    "maxResTime" : 967.0,
    "pct1ResTime" : 79.80000000000007,
    "pct2ResTime" : 103.79999999999995,
    "pct3ResTime" : 372.8600000000001,
    "throughput" : 7.610157022906573,
    "receivedKBytesPerSec" : 7.1642493848456406,
    "sentKBytesPerSec" : 2.60112788868877
  },
  "AddLSX-0" : {
    "transaction" : "AddLSX-0",
    "sampleCount" : 300,
    "errorCount" : 0,
    "errorPct" : 0.0,
    "meanResTime" : 49.44999999999999,
    "medianResTime" : 38.0,
    "minResTime" : 25.0,
    "maxResTime" : 972.0,
    "pct1ResTime" : 66.0,
    "pct2ResTime" : 99.34999999999985,
    "pct3ResTime" : 333.99,
    "throughput" : 7.59955415948931,
    "receivedKBytesPerSec" : 8.274905163897051,
    "sentKBytesPerSec" : 3.0724759980747796
  },
  "Receive_LSX-0" : {
    "transaction" : "Receive_LSX-0",
    "sampleCount" : 300,
    "errorCount" : 0,
    "errorPct" : 0.0,
    "meanResTime" : 54.76999999999998,
    "medianResTime" : 39.0,
    "minResTime" : 24.0,
    "maxResTime" : 987.0,
    "pct1ResTime" : 70.90000000000003,
    "pct2ResTime" : 108.74999999999994,
    "pct3ResTime" : 381.95000000000005,
    "throughput" : 7.601864990877762,
    "receivedKBytesPerSec" : 8.277421352371782,
    "sentKBytesPerSec" : 3.103105045104399
  },
  "Receive_LSX-2" : {
    "transaction" : "Receive_LSX-2",
    "sampleCount" : 300,
    "errorCount" : 0,
    "errorPct" : 0.0,
    "meanResTime" : 61.24999999999997,
    "medianResTime" : 39.0,
    "minResTime" : 23.0,
    "maxResTime" : 1072.0,
    "pct1ResTime" : 70.0,
    "pct2ResTime" : 97.59999999999991,
    "pct3ResTime" : 971.9300000000001,
    "throughput" : 7.616919717666176,
    "receivedKBytesPerSec" : 36.760563715533436,
    "sentKBytesPerSec" : 1.688516382724826
  },
  "AddLSX" : {
    "transaction" : "AddLSX",
    "sampleCount" : 300,
    "errorCount" : 0,
    "errorPct" : 0.0,
    "meanResTime" : 156.76333333333343,
    "medianResTime" : 123.0,
    "minResTime" : 87.0,
    "maxResTime" : 1108.0,
    "pct1ResTime" : 216.90000000000003,
    "pct2ResTime" : 430.9999999999998,
    "pct3ResTime" : 535.9300000000001,
    "throughput" : 7.571360068646998,
    "receivedKBytesPerSec" : 51.91261625192439,
    "sentKBytesPerSec" : 7.327361160184742
  },
  "WorkOrder-1" : {
    "transaction" : "WorkOrder-1",
    "sampleCount" : 300,
    "errorCount" : 0,
    "errorPct" : 0.0,
    "meanResTime" : 60.209999999999944,
    "medianResTime" : 48.0,
    "minResTime" : 31.0,
    "maxResTime" : 1005.0,
    "pct1ResTime" : 72.0,
    "pct2ResTime" : 92.0,
    "pct3ResTime" : 391.84000000000015,
    "throughput" : 7.610736211882896,
    "receivedKBytesPerSec" : 7.1647946369678825,
    "sentKBytesPerSec" : 2.601325853670912
  },
  "WorkOrder-0" : {
    "transaction" : "WorkOrder-0",
    "sampleCount" : 300,
    "errorCount" : 0,
    "errorPct" : 0.0,
    "meanResTime" : 56.680000000000035,
    "medianResTime" : 38.0,
    "minResTime" : 24.0,
    "maxResTime" : 882.0,
    "pct1ResTime" : 69.0,
    "pct2ResTime" : 144.84999999999997,
    "pct3ResTime" : 431.7600000000002,
    "throughput" : 7.550018875047188,
    "receivedKBytesPerSec" : 8.220967818044546,
    "sentKBytesPerSec" : 1.6220743676859193
  },
  "WorkOrder-2" : {
    "transaction" : "WorkOrder-2",
    "sampleCount" : 300,
    "errorCount" : 0,
    "errorPct" : 0.0,
    "meanResTime" : 48.19666666666668,
    "medianResTime" : 38.0,
    "minResTime" : 25.0,
    "maxResTime" : 435.0,
    "pct1ResTime" : 67.90000000000003,
    "pct2ResTime" : 79.94999999999999,
    "pct3ResTime" : 396.7900000000002,
    "throughput" : 7.618080243778568,
    "receivedKBytesPerSec" : 36.76616461401726,
    "sentKBytesPerSec" : 1.6887736477907567
  },
  "productDelivery_LSX" : {
    "transaction" : "productDelivery_LSX",
    "sampleCount" : 300,
    "errorCount" : 0,
    "errorPct" : 0.0,
    "meanResTime" : 165.91999999999996,
    "medianResTime" : 125.0,
    "minResTime" : 86.0,
    "maxResTime" : 1327.0,
    "pct1ResTime" : 203.30000000000024,
    "pct2ResTime" : 467.0499999999998,
    "pct3ResTime" : 1139.3700000000006,
    "throughput" : 7.567922100855175,
    "receivedKBytesPerSec" : 51.88904401377362,
    "sentKBytesPerSec" : 6.828867208193537
  },
  "WorkOrder" : {
    "transaction" : "WorkOrder",
    "sampleCount" : 300,
    "errorCount" : 0,
    "errorPct" : 0.0,
    "meanResTime" : 165.1800000000001,
    "medianResTime" : 127.0,
    "minResTime" : 88.0,
    "maxResTime" : 1184.0,
    "pct1ResTime" : 231.90000000000003,
    "pct2ResTime" : 442.6499999999999,
    "pct3ResTime" : 949.7500000000011,
    "throughput" : 7.522944982195696,
    "receivedKBytesPerSec" : 51.58066085937108,
    "sentKBytesPerSec" : 5.855260889462862
  },
  "productDelivery_LSX-2" : {
    "transaction" : "productDelivery_LSX-2",
    "sampleCount" : 300,
    "errorCount" : 0,
    "errorPct" : 0.0,
    "meanResTime" : 53.806666666666636,
    "medianResTime" : 37.5,
    "minResTime" : 24.0,
    "maxResTime" : 991.0,
    "pct1ResTime" : 66.90000000000003,
    "pct2ResTime" : 86.94999999999999,
    "pct3ResTime" : 394.94000000000005,
    "throughput" : 7.611701722781824,
    "receivedKBytesPerSec" : 36.73538077537869,
    "sentKBytesPerSec" : 1.6873596592494864
  },
  "productDelivery_LSX-1" : {
    "transaction" : "productDelivery_LSX-1",
    "sampleCount" : 300,
    "errorCount" : 0,
    "errorPct" : 0.0,
    "meanResTime" : 61.94333333333335,
    "medianResTime" : 47.0,
    "minResTime" : 29.0,
    "maxResTime" : 970.0,
    "pct1ResTime" : 73.90000000000003,
    "pct2ResTime" : 93.0,
    "pct3ResTime" : 417.62000000000035,
    "throughput" : 7.604369977947327,
    "receivedKBytesPerSec" : 7.158801424551976,
    "sentKBytesPerSec" : 2.599149894806215
  },
  "Total" : {
    "transaction" : "Total",
    "sampleCount" : 4800,
    "errorCount" : 0,
    "errorPct" : 0.0,
    "meanResTime" : 83.20979166666649,
    "medianResTime" : 47.0,
    "minResTime" : 23.0,
    "maxResTime" : 1327.0,
    "pct1ResTime" : 143.0,
    "pct2ResTime" : 197.94999999999982,
    "pct3ResTime" : 513.9299999999985,
    "throughput" : 117.70187096932395,
    "receivedKBytesPerSec" : 403.50822074005055,
    "sentKBytesPerSec" : 53.26182076211962
  },
  "productDelivery_LSX-0" : {
    "transaction" : "productDelivery_LSX-0",
    "sampleCount" : 300,
    "errorCount" : 0,
    "errorPct" : 0.0,
    "meanResTime" : 50.00999999999996,
    "medianResTime" : 37.0,
    "minResTime" : 24.0,
    "maxResTime" : 971.0,
    "pct1ResTime" : 66.0,
    "pct2ResTime" : 98.69999999999993,
    "pct3ResTime" : 327.96000000000004,
    "throughput" : 7.59589821496392,
    "receivedKBytesPerSec" : 8.270924325864033,
    "sentKBytesPerSec" : 2.574000664641094
  },
  "Receive_LSX" : {
    "transaction" : "Receive_LSX",
    "sampleCount" : 300,
    "errorCount" : 0,
    "errorPct" : 0.0,
    "meanResTime" : 178.05999999999997,