{
  "Sản phẩm_Add" : {
    "transaction" : "Sản phẩm_Add",
    "sampleCount" : 600,
    "errorCount" : 0,
    "errorPct" : 0.0,
    "meanResTime" : 122.65166666666661,
    "medianResTime" : 116.0,
    "minResTime" : 95.0,
    "maxResTime" : 328.0,
    "pct1ResTime" : 146.89999999999998,
    "pct2ResTime" : 173.94999999999993,
    "pct3ResTime" : 254.80000000000018,
    "throughput" : 16.35322976287817,
    "receivedKBytesPerSec" : 78.92349754701554,
    "sentKBytesPerSec" : 3.162050286181521
  },
  "Sản phẩm_Xóa" : {
    "transaction" : "Sản phẩm_Xóa",
    "sampleCount" : 600,
    "errorCount" : 0,
    "errorPct" : 0.0,
    "meanResTime" : 124.47999999999993,
    "medianResTime" : 117.0,
    "minResTime" : 93.0,
    "maxResTime" : 306.0,
    "pct1ResTime" : 151.0,
    "pct2ResTime" : 180.94999999999993,
    "pct3ResTime" : 227.99,
    "throughput" : 16.34921932477724,
    "receivedKBytesPerSec" : 109.00011751001391,
    "sentKBytesPerSec" : 12.30981259707349
  },
  "Sản phẩm_Xóa-2" : {
    "transaction" : "Sản phẩm_Xóa-2",
    "sampleCount" : 600,
    "errorCount" : 0,
    "errorPct" : 0.0,
    "meanResTime" : 36.67499999999997,
    "medianResTime" : 34.0,
    "minResTime" : 27.0,
    "maxResTime" : 95.0,
    "pct1ResTime" : 48.0,
    "pct2ResTime" : 53.0,
    "pct3ResTime" : 79.97000000000003,
    "throughput" : 16.417665407978987,
    "receivedKBytesPerSec" : 79.23447504514859,
    "sentKBytesPerSec" : 3.591364307995403
  },
  "Sản phẩm_View" : {
    "transaction" : "Sản phẩm_View",
    "sampleCount" : 600,
    "errorCount" : 0,
    "errorPct" : 0.0,
    "meanResTime" : 127.64999999999996,
    "medianResTime" : 115.0,
    "minResTime" : 94.0,
    "maxResTime" : 579.0,
    "pct1ResTime" : 166.5999999999999,
    "pct2ResTime" : 208.0,
    "pct3ResTime" : 299.93000000000006,
    "throughput" : 16.240357287860334,
    "receivedKBytesPerSec" : 111.82691331709297,
    "sentKBytesPerSec" : 12.957394437677628
  },
  "Sản phẩm_Xóa-0" : {
    "transaction" : "Sản phẩm_Xóa-0",
    "sampleCount" : 600,
    "errorCount" : 0,
    "errorPct" : 0.0,
    "meanResTime" : 38.45833333333334,
    "medianResTime" : 35.0,
    "minResTime" : 27.0,
    "maxResTime" : 155.0,
    "pct1ResTime" : 51.0,
    "pct2ResTime" : 57.0,
    "pct3ResTime" : 93.88000000000011,
    "throughput" : 16.416766991353835,
    "receivedKBytesPerSec" : 14.86166308689942,
    "sentKBytesPerSec" : 4.601183717303273
  },
  "Sản phẩm_Update" : {
    "transaction" : "Sản phẩm_Update",
    "sampleCount" : 600,
    "errorCount" : 0,
    "errorPct" : 0.0,
    "meanResTime" : 124.32500000000002,
    "medianResTime" : 118.0,
    "minResTime" : 95.0,
    "maxResTime" : 305.0,
    "pct1ResTime" : 152.0,
    "pct2ResTime" : 176.0,
    "pct3ResTime" : 231.94000000000005,
    "throughput" : 16.361256544502616,
    "receivedKBytesPerSec" : 106.6517455415576,
    "sentKBytesPerSec" : 13.964588105366493
  },
  "Sản phẩm_Xóa-1" : {
    "transaction" : "Sản phẩm_Xóa-1",
    "sampleCount" : 600,
    "errorCount" : 0,
    "errorPct" : 0.0,
    "meanResTime" : 49.208333333333336,
    "medianResTime" : 45.5,
    "minResTime" : 33.0,
    "maxResTime" : 131.0,
    "pct1ResTime" : 62.0,
    "pct2ResTime" : 71.0,
    "pct3ResTime" : 113.90000000000009,
    "throughput" : 16.405993656349118,
    "receivedKBytesPerSec" : 15.34857609646724,
    "sentKBytesPerSec" : 4.1655843268073935
  },
  "Sản phẩm_View-0" : {
    "transaction" : "Sản phẩm_View-0",
    "sampleCount" : 600,
    "errorCount" : 0,
    "errorPct" : 0.0,
    "meanResTime" : 42.91333333333331,
    "medianResTime" : 34.0,
    "minResTime" : 26.0,
    "maxResTime" : 424.0,
    "pct1ResTime" : 52.0,
    "pct2ResTime" : 76.0,
    "pct3ResTime" : 207.75000000000023,
    "throughput" : 16.30700657715932,
    "receivedKBytesPerSec" : 18.074660610425614,
    "sentKBytesPerSec" : 3.5830824998641084
  },
  "Sản phẩm_View-1" : {
    "transaction" : "Sản phẩm_View-1",
    "sampleCount" : 600,
    "errorCount" : 0,
    "errorPct" : 0.0,
    "meanResTime" : 48.04166666666665,
    "medianResTime" : 45.0,
    "minResTime" : 33.0,
    "maxResTime" : 141.0,
    "pct1ResTime" : 61.0,
    "pct2ResTime" : 68.0,
    "pct3ResTime" : 100.97000000000003,
    "throughput" : 16.454134101192924,
    "receivedKBytesPerSec" : 15.650709584533113,
    "sentKBytesPerSec" : 5.784656519950637
  },
  "Sản phẩm_View-2" : {
    "transaction" : "Sản phẩm_View-2",
    "sampleCount" : 600,
    "errorCount" : 0,
    "errorPct" : 0.0,
    "meanResTime" : 36.550000000000075,
    "medianResTime" : 33.0,
    "minResTime" : 27.0,
    "maxResTime" : 102.0,
    "pct1ResTime" : 49.0,
    "pct2ResTime" : 54.0,
    "pct3ResTime" : 81.99000000000001,
    "throughput" : 16.473107651758504,
    "receivedKBytesPerSec" : 79.50204884276418,
    "sentKBytesPerSec" : 3.732188452351536
  },
  "Sản phẩm_Update-0" : {
    "transaction" : "Sản phẩm_Update-0",
    "sampleCount" : 600,
    "errorCount" : 0,
    "errorPct" : 0.0,
    "meanResTime" : 38.339999999999975,
    "medianResTime" : 35.0,
    "minResTime" : 27.0,
    "maxResTime" : 147.0,
    "pct1ResTime" : 51.0,
    "pct2ResTime" : 56.0,
    "pct3ResTime" : 80.98000000000002,
    "throughput" : 16.428903918293585,
    "receivedKBytesPerSec" : 13.268265176199995,
    "sentKBytesPerSec" : 7.44434708797678
  },
  "Sản phẩm_Update-1" : {
    "transaction" : "Sản phẩm_Update-1",
    "sampleCount" : 600,
    "errorCount" : 0,
    "errorPct" : 0.0,
    "meanResTime" : 48.796666666666674,
    "medianResTime" : 46.0,
    "minResTime" : 33.0,
    "maxResTime" : 128.0,
    "pct1ResTime" : 61.0,
    "pct2ResTime" : 68.94999999999993,
    "pct3ResTime" : 104.92000000000007,
    "throughput" : 16.451427161306245,
    "receivedKBytesPerSec" : 14.555657234515095,
    "sentKBytesPerSec" : 3.4059595294891833
  },
  "Total" : {
    "transaction" : "Total",
    "sampleCount" : 7800,
    "errorCount" : 0,
    "errorPct" : 0.0,
    "meanResTime" : 67.32012820512794,
    "medianResTime" : 45.0,
    "minResTime" : 26.0,
    "maxResTime" : 579.0,
    "pct1ResTime" : 125.0,
    "pct2ResTime" : 139.0,
    "pct3ResTime" : 207.97999999999956,
    "throughput" : 205.96778452601004,
    "receivedKBytesPerSec" : 712.4702931080011,
    "sentKBytesPerSec" : 79.24932334301559
  },
  "Sản phẩm_Update-2" : {
    "transaction" : "Sản phẩm_Update-2",
    "sampleCount" : 600,
    "errorCount" : 0,
    "errorPct" : 0.0,
    "meanResTime" : 37.07166666666668,
    "medianResTime" : 34.0,
    "minResTime" : 27.0,
    "maxResTime" : 100.0,
    "pct1ResTime" : 50.0,
    "pct2ResTime" : 56.0,
    "pct3ResTime" : 78.0,
    "throughput" : 16.462260268334845,
    "receivedKBytesPerSec" : 79.44969750596756,
    "sentKBytesPerSec" : 3.1831323565725573
  }
}