{
  "Quản lý lỗi sản xuất_View-0" : {
    "transaction" : "Quản lý lỗi sản xuất_View-0",
    "sampleCount" : 5,
    "errorCount" : 0,
    "errorPct" : 0.0,
    "meanResTime" : 387.2,
    "medianResTime" : 267.0,
    "minResTime" : 251.0,
    "maxResTime" : 853.0,
    "pct1ResTime" : 853.0,
    "pct2ResTime" : 853.0,
    "pct3ResTime" : 853.0,
    "throughput" : 0.1549426712116517,
    "receivedKBytesPerSec" : 0.17718541795785558,
    "sentKBytesPerSec" : 0.03540682135110009
  },
  "Quản lý lỗi sản xuất_View-2" : {
    "transaction" : "Quản lý lỗi sản xuất_View-2",
    "sampleCount" : 5,
    "errorCount" : 0,
    "errorPct" : 0.0,
    "meanResTime" : 58.0,
    "medianResTime" : 50.0,
    "minResTime" : 45.0,
    "maxResTime" : 91.0,
    "pct1ResTime" : 91.0,
    "pct2ResTime" : 91.0,
    "pct3ResTime" : 91.0,
    "throughput" : 0.15560811651935763,
    "receivedKBytesPerSec" : 0.7509915154674468,
    "sentKBytesPerSec" : 0.03662261336051289
  },
  "Quản lý lỗi sản xuất_View-1" : {
    "transaction" : "Quản lý lỗi sản xuất_View-1",
    "sampleCount" : 5,
    "errorCount" : 0,
    "errorPct" : 0.0,
    "meanResTime" : 59.4,
    "medianResTime" : 52.0,
    "minResTime" : 49.0,
    "maxResTime" : 74.0,
    "pct1ResTime" : 74.0,
    "pct2ResTime" : 74.0,
    "pct3ResTime" : 74.0,
    "throughput" : 0.15579721434580748,
    "receivedKBytesPerSec" : 0.150928551397501,
    "sentKBytesPerSec" : 0.05751108107687034
  },
  "Total" : {
    "transaction" : "Total",
    "sampleCount" : 20,
    "errorCount" : 0,
    "errorPct" : 0.0,
    "meanResTime" : 252.49999999999994,
    "medianResTime" : 171.0,
    "minResTime" : 45.0,
    "maxResTime" : 970.0,
    "pct1ResTime" : 810.9000000000009,
    "pct2ResTime" : 964.1499999999999,
    "pct3ResTime" : 970.0,
    "throughput" : 0.616617851086789,
    "receivedKBytesPerSec" : 2.1391942538924003,
    "sentKBytesPerSec" : 0.25682374364112837
  },
  "Quản lý lỗi sản xuất_View" : {
    "transaction" : "Quản lý lỗi sản xuất_View",
    "sampleCount" : 5,
    "errorCount" : 0,
    "errorPct" : 0.0,
    "meanResTime" : 505.4,
    "medianResTime" : 401.0,
    "minResTime" : 353.0,
    "maxResTime" : 970.0,
    "pct1ResTime" : 970.0,
    "pct2ResTime" : 970.0,
    "pct3ResTime" : 970.0,
    "throughput" : 0.15415446277169725,
    "receivedKBytesPerSec" : 1.0695971269462001,
    "sentKBytesPerSec" : 0.12841187182056418
  }
}