{
  "Add_Bể" : {
    "transaction" : "Add_Bể",
    "sampleCount" : 300,
    "errorCount" : 0,
    "errorPct" : 0.0,
    "meanResTime" : 147.79333333333344,
    "medianResTime" : 135.5,
    "minResTime" : 89.0,
    "maxResTime" : 803.0,
    "pct1ResTime" : 188.0,
    "pct2ResTime" : 233.44999999999987,
    "pct3ResTime" : 498.1200000000008,
    "throughput" : 8.582708702866624,
    "receivedKBytesPerSec" : 58.94745147193454,
    "sentKBytesPerSec" : 7.970855445728672
  },
  "Add_Bể-2" : {
    "transaction" : "Add_Bể-2",
    "sampleCount" : 300,
    "errorCount" : 0,
    "errorPct" : 0.0,
    "meanResTime" : 46.49333333333333,
    "medianResTime" : 41.0,
    "minResTime" : 25.0,
    "maxResTime" : 662.0,
    "pct1ResTime" : 61.0,
    "pct2ResTime" : 71.94999999999999,
    "pct3ResTime" : 214.17000000000075,
    "throughput" : 8.636573007830494,
    "receivedKBytesPerSec" : 41.68158574677568,
    "sentKBytesPerSec" : 1.9314211121027178
  },
  "Update_Bể-2" : {
    "transaction" : "Update_Bể-2",
    "sampleCount" : 300,
    "errorCount" : 0,
    "errorPct" : 0.0,
    "meanResTime" : 48.670000000000016,
    "medianResTime" : 41.0,
    "minResTime" : 25.0,
    "maxResTime" : 453.0,
    "pct1ResTime" : 63.900000000000034,
    "pct2ResTime" : 85.94999999999999,
    "pct3ResTime" : 326.6900000000003,
    "throughput" : 8.634087376964255,
    "receivedKBytesPerSec" : 41.66958966499741,
    "sentKBytesPerSec" : 1.9308652434812639
  },
  "Update_Bể-0" : {
    "transaction" : "Update_Bể-0",
    "sampleCount" : 300,
    "errorCount" : 0,
    "errorPct" : 0.0,
    "meanResTime" : 50.11333333333336,
    "medianResTime" : 43.0,
    "minResTime" : 24.0,
    "maxResTime" : 621.0,
    "pct1ResTime" : 69.90000000000003,
    "pct2ResTime" : 89.69999999999993,
    "pct3ResTime" : 158.9000000000001,
    "throughput" : 8.61178091629349,
    "receivedKBytesPerSec" : 9.444365204099208,
    "sentKBytesPerSec" : 3.0864488244919053
  },
  "Update_Bể-1" : {
    "transaction" : "Update_Bể-1",
    "sampleCount" : 300,
    "errorCount" : 0,
    "errorPct" : 0.0,
    "meanResTime" : 56.17333333333332,
    "medianResTime" : 47.0,
    "minResTime" : 31.0,
    "maxResTime" : 408.0,
    "pct1ResTime" : 73.90000000000003,
    "pct2ResTime" : 94.0,
    "pct3ResTime" : 304.18000000000075,
    "throughput" : 8.62217623728229,
    "receivedKBytesPerSec" : 8.150650974305915,
    "sentKBytesPerSec" : 2.9807132695292293
  },
  "Add_Bể-0" : {
    "transaction" : "Add_Bể-0",
    "sampleCount" : 300,
    "errorCount" : 0,
    "errorPct" : 0.0,
    "meanResTime" : 47.166666666666664,
    "medianResTime" : 43.0,
    "minResTime" : 24.0,
    "maxResTime" : 203.0,
    "pct1ResTime" : 68.0,
    "pct2ResTime" : 81.94999999999999,
    "pct3ResTime" : 135.0,
    "throughput" : 8.617718028266115,
    "receivedKBytesPerSec" : 9.450876314202,
    "sentKBytesPerSec" : 3.0969924164081353
  },
  "Add_Bể-1" : {
    "transaction" : "Add_Bể-1",
    "sampleCount" : 300,
    "errorCount" : 0,
    "errorPct" : 0.0,
    "meanResTime" : 53.95666666666665,
    "medianResTime" : 47.0,
    "minResTime" : 30.0,
    "maxResTime" : 452.0,
    "pct1ResTime" : 70.90000000000003,
    "pct2ResTime" : 91.89999999999998,
    "pct3ResTime" : 282.19000000000165,
    "throughput" : 8.625646923519264,
    "receivedKBytesPerSec" : 8.153931857389304,
    "sentKBytesPerSec" : 2.9819130966072454
  },
  "ViewMD_Bể-0" : {
    "transaction" : "ViewMD_Bể-0",
    "sampleCount" : 300,
    "errorCount" : 0,
    "errorPct" : 0.0,
    "meanResTime" : 52.05666666666667,
    "medianResTime" : 43.0,
    "minResTime" : 24.0,
    "maxResTime" : 390.0,
    "pct1ResTime" : 71.0,
    "pct2ResTime" : 132.79999999999995,
    "pct3ResTime" : 243.95000000000005,
    "throughput" : 8.556759840273816,
    "receivedKBytesPerSec" : 9.384024707644038,
    "sentKBytesPerSec" : 1.8550787934968624
  },
  "Update_Bể" : {
    "transaction" : "Update_Bể",
    "sampleCount" : 300,
    "errorCount" : 0,
    "errorPct" : 0.0,
    "meanResTime" : 155.11333333333323,
    "medianResTime" : 133.0,
    "minResTime" : 85.0,
    "maxResTime" : 740.0,
    "pct1ResTime" : 210.80000000000007,
    "pct2ResTime" : 285.95,
    "pct3ResTime" : 546.8800000000001,
    "throughput" : 8.577310155535224,
    "receivedKBytesPerSec" : 58.910373363163316,
    "sentKBytesPerSec" : 7.957465476326624
  },
  "Total" : {
    "transaction" : "Total",
    "sampleCount" : 3600,
    "errorCount" : 0,
    "errorPct" : 0.0,
    "meanResTime" : 75.74638888888872,
    "medianResTime" : 48.0,
    "minResTime" : 24.0,
    "maxResTime" : 803.0,
    "pct1ResTime" : 149.0,
    "pct2ResTime" : 172.94999999999982,
    "pct3ResTime" : 346.97999999999956,
    "throughput" : 100.63455678863947,
    "receivedKBytesPerSec" : 345.5873231906745,
    "sentKBytesPerSec" : 44.322446398121485
  },
  "ViewMD_Bể" : {
    "transaction" : "ViewMD_Bể",
    "sampleCount" : 300,
    "errorCount" : 0,
    "errorPct" : 0.0,
    "meanResTime" : 151.83000000000018,
    "medianResTime" : 132.5,
    "minResTime" : 87.0,
    "maxResTime" : 755.0,
    "pct1ResTime" : 215.70000000000044,
    "pct2ResTime" : 280.84999999999997,
    "pct3ResTime" : 527.5400000000004,
    "throughput" : 8.522485156671685,
    "receivedKBytesPerSec" : 58.53382627624215,
    "sentKBytesPerSec" : 6.699805225703815
  },
  "ViewMD_Bể-1" : {
    "transaction" : "ViewMD_Bể-1",
    "sampleCount" : 300,
    "errorCount" : 0,
    "errorPct" : 0.0,
    "meanResTime" : 54.15666666666667,
    "medianResTime" : 47.0,
    "minResTime" : 31.0,
    "maxResTime" : 376.0,
    "pct1ResTime" : 71.0,
    "pct2ResTime" : 91.0,
    "pct3ResTime" : 298.2600000000007,
    "throughput" : 8.63036161215155,
    "receivedKBytesPerSec" : 8.15838871148701,
    "sentKBytesPerSec" : 2.9835429792008283
  },
  "ViewMD_Bể-2" : {
    "transaction" : "ViewMD_Bể-2",
    "sampleCount" : 300,
    "errorCount" : 0,
    "errorPct" : 0.0,
    "meanResTime" : 45.43333333333331,
    "medianResTime" : 41.0,
    "minResTime" : 25.0,
    "maxResTime" : 435.0,
    "pct1ResTime" : 59.0,
    "pct2ResTime" : 71.94999999999999,
    "pct3ResTime" : 134.8800000000001,
    "throughput" : 8.640552995391706,
    "receivedKBytesPerSec" : 41.700793850806456,
    "sentKBytesPerSec" : 1.9323111679147467
  }
}