{
  "MD Sản xuất_Delete-2" : {
    "transaction" : "MD Sản xuất_Delete-2",
    "sampleCount" : 300,
    "errorCount" : 0,
    "errorPct" : 0.0,
    "meanResTime" : 40.12000000000005,
    "medianResTime" : 36.0,
    "minResTime" : 26.0,
    "maxResTime" : 91.0,
    "pct1ResTime" : 54.0,
    "pct2ResTime" : 67.74999999999994,
    "pct3ResTime" : 82.99000000000001,
    "throughput" : 10.165356465166711,
    "receivedKBytesPerSec" : 49.059757471537004,
    "sentKBytesPerSec" : 2.3626512096774195
  },
  "MD Sản xuất_Update-1" : {
    "transaction" : "MD Sản xuất_Update-1",
    "sampleCount" : 300,
    "errorCount" : 0,
    "errorPct" : 0.0,
    "meanResTime" : 52.30000000000001,
    "medianResTime" : 48.0,
    "minResTime" : 33.0,
    "maxResTime" : 315.0,
    "pct1ResTime" : 71.80000000000007,
    "pct2ResTime" : 85.0,
    "pct3ResTime" : 101.98000000000002,
    "throughput" : 10.211027910142954,
    "receivedKBytesPerSec" : 9.612725493533016,
    "sentKBytesPerSec" : 3.4900974302246426
  },
  "MD Sản xuất_Update-0" : {
    "transaction" : "MD Sản xuất_Update-0",
    "sampleCount" : 300,
    "errorCount" : 0,
    "errorPct" : 0.0,
    "meanResTime" : 45.03333333333333,
    "medianResTime" : 38.0,
    "minResTime" : 26.0,
    "maxResTime" : 388.0,
    "pct1ResTime" : 59.0,
    "pct2ResTime" : 74.94999999999999,
    "pct3ResTime" : 238.09000000000083,
    "throughput" : 10.19610508785644,
    "receivedKBytesPerSec" : 11.10220427046868,
    "sentKBytesPerSec" : 3.5298039586378005
  },
  "MD Sản xuất_Update-2" : {
    "transaction" : "MD Sản xuất_Update-2",
    "sampleCount" : 300,
    "errorCount" : 0,
    "errorPct" : 0.0,
    "meanResTime" : 41.950000000000024,
    "medianResTime" : 35.5,
    "minResTime" : 25.0,
    "maxResTime" : 331.0,
    "pct1ResTime" : 57.0,
    "pct2ResTime" : 67.94999999999999,
    "pct3ResTime" : 116.84000000000015,
    "throughput" : 10.218679746576743,
    "receivedKBytesPerSec" : 49.3171047925608,
    "sentKBytesPerSec" : 2.2652737328837116
  },
  "MD Sản xuất_Update" : {
    "transaction" : "MD Sản xuất_Update",
    "sampleCount" : 300,
    "errorCount" : 0,
    "errorPct" : 0.0,
    "meanResTime" : 139.42666666666665,
    "medianResTime" : 124.0,
    "minResTime" : 88.0,
    "maxResTime" : 517.0,
    "pct1ResTime" : 189.0,
    "pct2ResTime" : 210.69999999999993,
    "pct3ResTime" : 491.39000000000055,
    "throughput" : 10.14576076296121,
    "receivedKBytesPerSec" : 69.5638538249518,
    "sentKBytesPerSec" : 9.229273584666373
  },
  "MD Sản xuất_Add-1" : {
    "transaction" : "MD Sản xuất_Add-1",
    "sampleCount" : 300,
    "errorCount" : 0,
    "errorPct" : 0.0,
    "meanResTime" : 52.50333333333334,
    "medianResTime" : 49.0,
    "minResTime" : 34.0,
    "maxResTime" : 114.0,
    "pct1ResTime" : 72.0,
    "pct2ResTime" : 89.0,
    "pct3ResTime" : 99.99000000000001,
    "throughput" : 10.217983651226158,
    "receivedKBytesPerSec" : 9.619273671662125,
    "sentKBytesPerSec" : 3.4924748807901906
  },
  "MD Sản xuất_Add-0" : {
    "transaction" : "MD Sản xuất_Add-0",
    "sampleCount" : 300,
    "errorCount" : 0,
    "errorPct" : 0.0,
    "meanResTime" : 42.843333333333334,
    "medianResTime" : 38.0,
    "minResTime" : 26.0,
    "maxResTime" : 146.0,
    "pct1ResTime" : 60.0,
    "pct2ResTime" : 75.89999999999998,
    "pct3ResTime" : 112.0,
    "throughput" : 10.205470131990747,
    "receivedKBytesPerSec" : 11.112401559736018,
    "sentKBytesPerSec" : 3.543012335862022
  },
  "MD Sản xuất_Delete" : {
    "transaction" : "MD Sản xuất_Delete",
    "sampleCount" : 300,
    "errorCount" : 0,
    "errorPct" : 0.0,
    "meanResTime" : 139.21333333333334,
    "medianResTime" : 126.0,
    "minResTime" : 97.0,
    "maxResTime" : 507.0,
    "pct1ResTime" : 184.90000000000003,
    "pct2ResTime" : 196.95,
    "pct3ResTime" : 434.83000000000015,
    "throughput" : 10.126582278481013,
    "receivedKBytesPerSec" : 70.04549050632912,
    "sentKBytesPerSec" : 9.14754746835443
  },
  "MD Sản xuất_Delete-0" : {
    "transaction" : "MD Sản xuất_Delete-0",
    "sampleCount" : 300,
    "errorCount" : 0,
    "errorPct" : 0.0,
    "meanResTime" : 43.800000000000026,
    "medianResTime" : 40.0,
    "minResTime" : 27.0,
    "maxResTime" : 317.0,
    "pct1ResTime" : 60.0,
    "pct2ResTime" : 70.89999999999998,
    "pct3ResTime" : 102.98000000000002,
    "throughput" : 10.178462373617426,
    "receivedKBytesPerSec" : 11.48058988430481,
    "sentKBytesPerSec" : 3.1708295870937095
  },
  "MD Sản xuất_Add" : {
    "transaction" : "MD Sản xuất_Add",
    "sampleCount" : 300,
    "errorCount" : 0,
    "errorPct" : 0.0,
    "meanResTime" : 136.29999999999995,
    "medianResTime" : 124.5,
    "minResTime" : 94.0,
    "maxResTime" : 436.0,
    "pct1ResTime" : 191.0,
    "pct2ResTime" : 204.0,
    "pct3ResTime" : 269.7800000000002,
    "throughput" : 10.154346060113728,
    "receivedKBytesPerSec" : 69.62271844536961,
    "sentKBytesPerSec" : 9.246999708062551
  },
  "MD Sản xuất_Add-2" : {
    "transaction" : "MD Sản xuất_Add-2",
    "sampleCount" : 300,
    "errorCount" : 0,
    "errorPct" : 0.0,
    "meanResTime" : 40.839999999999975,
    "medianResTime" : 37.0,
    "minResTime" : 26.0,
    "maxResTime" : 317.0,
    "pct1ResTime" : 55.0,
    "pct2ResTime" : 61.0,
    "pct3ResTime" : 82.93000000000006,
    "throughput" : 10.22948136529478,
    "receivedKBytesPerSec" : 49.36923526102226,
    "sentKBytesPerSec" : 2.26766823234562
  },
  "MD Sản xuất_Delete-1" : {
    "transaction" : "MD Sản xuất_Delete-1",
    "sampleCount" : 300,
    "errorCount" : 0,
    "errorPct" : 0.0,
    "meanResTime" : 55.14000000000004,
    "medianResTime" : 49.0,
    "minResTime" : 33.0,
    "maxResTime" : 356.0,
    "pct1ResTime" : 74.0,
    "pct2ResTime" : 90.79999999999995,
    "pct3ResTime" : 263.51000000000136,
    "throughput" : 10.167078998203817,
    "receivedKBytesPerSec" : 9.789785051004845,
    "sentKBytesPerSec" : 3.6537940149794963
  },
  "Total" : {
    "transaction" : "Total",
    "sampleCount" : 4800,
    "errorCount" : 0,
    "errorPct" : 0.0,
    "meanResTime" : 70.1958333333334,
    "medianResTime" : 48.0,
    "minResTime" : 25.0,
    "maxResTime" : 608.0,
    "pct1ResTime" : 135.0,
    "pct2ResTime" : 166.0,
    "pct3ResTime" : 242.98999999999978,
    "throughput" : 156.03666861712503,
    "receivedKBytesPerSec" : 536.1093841427736,
    "sentKBytesPerSec" : 68.3041374097913
  },
  "MD Sản xuất_View" : {
    "transaction" : "MD Sản xuất_View",
    "sampleCount" : 300,
    "errorCount" : 0,
    "errorPct" : 0.0,
    "meanResTime" : 146.92999999999998,
    "medianResTime" : 127.5,
    "minResTime" : 93.0,
    "maxResTime" : 608.0,
    "pct1ResTime" : 207.60000000000014,
    "pct2ResTime" : 246.74999999999994,
    "pct3ResTime" : 445.6600000000003,
    "throughput" : 10.047894966004622,
    "receivedKBytesPerSec" : 68.89284234015474,
    "sentKBytesPerSec" : 7.820480749907895
  },
  "MD Sản xuất_View-2" : {
    "transaction" : "MD Sản xuất_View-2",
    "sampleCount" : 300,
    "errorCount" : 0,
    "errorPct" : 0.0,
    "meanResTime" : 41.49999999999998,
    "medianResTime" : 36.0,
    "minResTime" : 26.0,
    "maxResTime" : 143.0,
    "pct1ResTime" : 59.900000000000034,
    "pct2ResTime" : 71.94999999999999,
    "pct3ResTime" : 110.8900000000001,
    "throughput" : 10.23471615720524,
    "receivedKBytesPerSec" : 49.39449926651201,
    "sentKBytesPerSec" : 2.2688286793804586
  },
  "MD Sản xuất_View-1" : {
    "transaction" : "MD Sản xuất_View-1",
    "sampleCount" : 300,
    "errorCount" : 0,
    "errorPct" : 0.0,
    "meanResTime" : 52.40333333333335,
    "medianResTime" : 49.0,
    "minResTime" : 31.0,
    "maxResTime" : 271.0,
    "pct1ResTime" : 71.90000000000003,
    "pct2ResTime" : 76.0,
    "pct3ResTime" : 95.0,
    "throughput" : 10.217635639113109,
    "receivedKBytesPerSec" : 9.618946050883824,
    "sentKBytesPerSec" : 3.4923559313374883
  },
  "MD Sản xuất_View-0" : {
    "transaction" : "MD Sản xuất_View-0",
    "sampleCount" : 300,