{
  "LAB_Kiểm tra độ dày_view-2" : {
    "transaction" : "LAB_Kiểm tra độ dày_view-2",
    "sampleCount" : 600,
    "errorCount" : 0,
    "errorPct" : 0.0,
    "meanResTime" : 40.898333333333376,
    "medianResTime" : 31.0,
    "minResTime" : 25.0,
    "maxResTime" : 763.0,
    "pct1ResTime" : 46.0,
    "pct2ResTime" : 57.0,
    "pct3ResTime" : 437.7000000000003,
    "throughput" : 11.246907100547348,
    "receivedKBytesPerSec" : 54.279506729399415,
    "sentKBytesPerSec" : 2.4602609282447325
  },
  "LAB_Kiểm tra độ dày_view-1" : {
    "transaction" : "LAB_Kiểm tra độ dày_view-1",
    "sampleCount" : 600,
    "errorCount" : 0,
    "errorPct" : 0.0,
    "meanResTime" : 50.02166666666662,
    "medianResTime" : 45.0,
    "minResTime" : 31.0,
    "maxResTime" : 451.0,
    "pct1ResTime" : 64.89999999999998,
    "pct2ResTime" : 75.0,
    "pct3ResTime" : 112.94000000000005,
    "throughput" : 11.247961307013103,
    "receivedKBytesPerSec" : 10.522995050897023,
    "sentKBytesPerSec" : 3.7786120015747144
  },
  "LAB_Lịch sử" : {
    "transaction" : "LAB_Lịch sử",
    "sampleCount" : 600,
    "errorCount" : 0,
    "errorPct" : 0.0,
    "meanResTime" : 129.9733333333333,
    "medianResTime" : 108.0,
    "minResTime" : 85.0,
    "maxResTime" : 1505.0,
    "pct1ResTime" : 152.89999999999998,
    "pct2ResTime" : 186.94999999999993,
    "pct3ResTime" : 604.99,
    "throughput" : 11.236796763802532,
    "receivedKBytesPerSec" : 76.84696068057532,
    "sentKBytesPerSec" : 8.614145956625965
  },
  "LAB_Kiểm tra QC" : {
    "transaction" : "LAB_Kiểm tra QC",
    "sampleCount" : 600,
    "errorCount" : 0,
    "errorPct" : 0.0,
    "meanResTime" : 130.14333333333332,
    "medianResTime" : 108.0,
    "minResTime" : 85.0,
    "maxResTime" : 1486.0,
    "pct1ResTime" : 155.0,
    "pct2ResTime" : 187.59999999999945,
    "pct3ResTime" : 614.7600000000002,
    "throughput" : 11.247328759419638,
    "receivedKBytesPerSec" : 76.91898759982004,
    "sentKBytesPerSec" : 8.62221980092228
  },
  "LAB_Kiểm tra độ sạch_view-2" : {
    "transaction" : "LAB_Kiểm tra độ sạch_view-2",
    "sampleCount" : 600,
    "errorCount" : 0,
    "errorPct" : 0.0,
    "meanResTime" : 43.01333333333333,
    "medianResTime" : 31.0,
    "minResTime" : 25.0,
    "maxResTime" : 1358.0,
    "pct1ResTime" : 48.0,
    "pct2ResTime" : 70.0,
    "pct3ResTime" : 332.2200000000016,
    "throughput" : 11.211181284801375,
    "receivedKBytesPerSec" : 54.10708780223476,
    "sentKBytesPerSec" : 2.452445906050301
  },
  "LAB_Kiểm tra độ dày_view" : {
    "transaction" : "LAB_Kiểm tra độ dày_view",
    "sampleCount" : 600,
    "errorCount" : 0,
    "errorPct" : 0.0,
    "meanResTime" : 126.24666666666653,
    "medianResTime" : 109.0,
    "minResTime" : 86.0,
    "maxResTime" : 1039.0,
    "pct1ResTime" : 149.89999999999998,
    "pct2ResTime" : 181.94999999999993,
    "pct3ResTime" : 604.4300000000005,
    "throughput" : 11.208249271463798,
    "receivedKBytesPerSec" : 76.65172817193455,
    "sentKBytesPerSec" : 8.592261404393634
  },
  "LAB_Kiểm tra độ bền_kt" : {
    "transaction" : "LAB_Kiểm tra độ bền_kt",
    "sampleCount" : 600,
    "errorCount" : 0,
    "errorPct" : 0.0,
    "meanResTime" : 133.435,
    "medianResTime" : 110.0,
    "minResTime" : 87.0,
    "maxResTime" : 1512.0,
    "pct1ResTime" : 152.89999999999998,
    "pct2ResTime" : 195.89999999999986,
    "pct3ResTime" : 575.99,
    "throughput" : 11.230066631728683,
    "receivedKBytesPerSec" : 76.80093420116793,
    "sentKBytesPerSec" : 10.418518847795164
  },
  "LAB_Kiểm tra độ sạch_view-1" : {
    "transaction" : "LAB_Kiểm tra độ sạch_view-1",
    "sampleCount" : 600,
    "errorCount" : 0,
    "errorPct" : 0.0,
    "meanResTime" : 52.43000000000001,
    "medianResTime" : 45.0,
    "minResTime" : 30.0,
    "maxResTime" : 393.0,
    "pct1ResTime" : 67.0,
    "pct2ResTime" : 81.89999999999986,
    "pct3ResTime" : 369.98,
    "throughput" : 11.20301734600519,
    "receivedKBytesPerSec" : 10.48094786862595,
    "sentKBytesPerSec" : 3.7635136396736186
  },
  "LAB_Lịch sử QC-0" : {
    "transaction" : "LAB_Lịch sử QC-0",
    "sampleCount" : 600,
    "errorCount" : 0,
    "errorPct" : 0.0,
    "meanResTime" : 37.36666666666667,
    "medianResTime" : 31.0,
    "minResTime" : 25.0,
    "maxResTime" : 657.0,
    "pct1ResTime" : 46.89999999999998,
    "pct2ResTime" : 56.0,
    "pct3ResTime" : 132.7700000000002,
    "throughput" : 11.241849658997227,
    "receivedKBytesPerSec" : 12.10914079479877,
    "sentKBytesPerSec" : 2.382306031252342
  },
  "LAB_Lịch sử QC-1" : {
    "transaction" : "LAB_Lịch sử QC-1",
    "sampleCount" : 600,
    "errorCount" : 0,
    "errorPct" : 0.0,
    "meanResTime" : 52.57333333333325,
    "medianResTime" : 44.5,
    "minResTime" : 31.0,
    "maxResTime" : 1015.0,
    "pct1ResTime" : 67.0,
    "pct2ResTime" : 75.0,
    "pct3ResTime" : 365.9000000000019,
    "throughput" : 11.231327917337426,
    "receivedKBytesPerSec" : 10.507433735165288,
    "sentKBytesPerSec" : 3.773024222230542
  },
  "LAB_Kiểm tra độ bền_view" : {
    "transaction" : "LAB_Kiểm tra độ bền_view",
    "sampleCount" : 600,
    "errorCount" : 0,
    "errorPct" : 0.0,
    "meanResTime" : 131.97166666666675,
    "medianResTime" : 109.0,
    "minResTime" : 86.0,
    "maxResTime" : 1493.0,
    "pct1ResTime" : 158.39999999999986,
    "pct2ResTime" : 188.94999999999993,
    "pct3ResTime" : 610.3400000000006,
    "throughput" : 11.222924694175303,
    "receivedKBytesPerSec" : 76.75209143877895,
    "sentKBytesPerSec" : 8.60351160637462
  },
  "LAB_Lịch sử QC-2" : {
    "transaction" : "LAB_Lịch sử QC-2",
    "sampleCount" : 600,
    "errorCount" : 0,
    "errorPct" : 0.0,
    "meanResTime" : 49.065,
    "medianResTime" : 31.0,
    "minResTime" : 25.0,
    "maxResTime" : 1357.0,
    "pct1ResTime" : 48.89999999999998,
    "pct2ResTime" : 66.74999999999966,
    "pct3ResTime" : 484.7500000000002,
    "throughput" : 11.235955056179774,
    "receivedKBytesPerSec" : 54.22665028089888,
    "sentKBytesPerSec" : 2.457865168539326
  },
  "LAB_Kiểm tra độ bền_kt-0" : {
    "transaction" : "LAB_Kiểm tra độ bền_kt-0",
    "sampleCount" : 600,
    "errorCount" : 0,
    "errorPct" : 0.0,
    "meanResTime" : 36.2433333333333,
    "medianResTime" : 31.0,
    "minResTime" : 25.0,
    "maxResTime" : 403.0,
    "pct1ResTime" : 47.0,
    "pct2ResTime" : 54.94999999999993,
    "pct3ResTime" : 100.95000000000005,
    "throughput" : 11.250492209034144,
    "receivedKBytesPerSec" : 12.118450104067053,
    "sentKBytesPerSec" : 4.196960960792034
  },
  "LAB_Kiểm tra độ bền_kt-1" : {
    "transaction" : "LAB_Kiểm tra độ bền_kt-1",
    "sampleCount" : 600,
    "errorCount" : 0,
    "errorPct" : 0.0,
    "meanResTime" : 53.77833333333329,
    "medianResTime" : 45.0,
    "minResTime" : 31.0,
    "maxResTime" : 1012.0,
    "pct1ResTime" : 65.89999999999998,
    "pct2ResTime" : 81.0,
    "pct3ResTime" : 383.99,
    "throughput" : 11.2572468526614,
    "receivedKBytesPerSec" : 10.531682114110959,
    "sentKBytesPerSec" : 3.7817313645659394
  },
  "LAB_Kiểm tra độ bền_kt-2" : {
    "transaction" : "LAB_Kiểm tra độ bền_kt-2",
    "sampleCount" : 600,
    "errorCount" : 0,
    "errorPct" : 0.0,
    "meanResTime" : 43.298333333333346,
    "medianResTime" : 31.0,
    "minResTime" : 25.0,
    "maxResTime" : 1340.0,
    "pct1ResTime" : 46.89999999999998,
    "pct2ResTime" : 61.849999999999795,
    "pct3ResTime" : 426.7900000000002,
    "throughput" : 11.25703564727955,
    "receivedKBytesPerSec" : 54.32838883677299,
    "sentKBytesPerSec" : 2.4624765478424018
  },
  "LAB_Kiểm tra độ dày_kt-0" : {
    "transaction" : "LAB_Kiểm tra độ dày_kt-0",
    "sampleCount" : 600,
    "errorCount" : 0,
    "errorPct" : 0.0,
    "meanResTime" : 36.976666666666645,
    "medianResTime" : 31.0,
    "minResTime" : 25.0,
    "maxResTime" : 381.0,
    "pct1ResTime" : 46.0,
    "pct2ResTime" : 53.0,
    "pct3ResTime" : 102.74000000000024,
    "throughput" : 11.242692250037475,
    "receivedKBytesPerSec" : 12.110048390421225,