{
  "Add_Bể" : {
    "transaction" : "Add_Bể",
    "sampleCount" : 100,
    "errorCount" : 0,
    "errorPct" : 0.0,
    "meanResTime" : 217.87999999999994,
    "medianResTime" : 174.0,
    "minResTime" : 132.0,
    "maxResTime" : 752.0,
    "pct1ResTime" : 429.00000000000017,
    "pct2ResTime" : 510.79999999999995,
    "pct3ResTime" : 750.2399999999991,
    "throughput" : 4.007534164228749,
    "receivedKBytesPerSec" : 27.524402125996875,
    "sentKBytesPerSec" : 3.7218408107241614
  },
  "Add_Bể-2" : {
    "transaction" : "Add_Bể-2",
    "sampleCount" : 100,
    "errorCount" : 0,
    "errorPct" : 0.0,
    "meanResTime" : 71.71,
    "medianResTime" : 52.5,
    "minResTime" : 30.0,
    "maxResTime" : 472.0,
    "pct1ResTime" : 83.30000000000004,
    "pct2ResTime" : 283.44999999999806,
    "pct3ResTime" : 471.0899999999995,
    "throughput" : 4.044325810887325,
    "receivedKBytesPerSec" : 19.518611481840978,
    "sentKBytesPerSec" : 0.9044439557550756
  },
  "Update_Bể-2" : {
    "transaction" : "Update_Bể-2",
    "sampleCount" : 100,
    "errorCount" : 0,
    "errorPct" : 0.0,
    "meanResTime" : 64.38999999999999,
    "medianResTime" : 53.0,
    "minResTime" : 28.0,
    "maxResTime" : 465.0,
    "pct1ResTime" : 75.9,
    "pct2ResTime" : 96.89999999999998,
    "pct3ResTime" : 463.099999999999,
    "throughput" : 4.014290875516839,
    "receivedKBytesPerSec" : 19.3736577214885,
    "sentKBytesPerSec" : 0.8977271586849183
  },
  "Update_Bể-0" : {
    "transaction" : "Update_Bể-0",
    "sampleCount" : 100,
    "errorCount" : 0,
    "errorPct" : 0.0,
    "meanResTime" : 65.25,
    "medianResTime" : 55.0,
    "minResTime" : 26.0,
    "maxResTime" : 299.0,
    "pct1ResTime" : 97.70000000000002,
    "pct2ResTime" : 136.84999999999997,
    "pct3ResTime" : 298.15999999999957,
    "throughput" : 4.033071183706392,
    "receivedKBytesPerSec" : 4.422987245412381,
    "sentKBytesPerSec" : 1.4454464105666465
  },
  "Update_Bể-1" : {
    "transaction" : "Update_Bể-1",
    "sampleCount" : 100,
    "errorCount" : 0,
    "errorPct" : 0.0,
    "meanResTime" : 68.01000000000002,
    "medianResTime" : 56.0,
    "minResTime" : 33.0,
    "maxResTime" : 316.0,
    "pct1ResTime" : 90.9,
    "pct2ResTime" : 122.49999999999989,
    "pct3ResTime" : 315.8399999999999,
    "throughput" : 4.006731308598446,
    "receivedKBytesPerSec" : 3.787613190159468,
    "sentKBytesPerSec" : 1.3851395344178221
  },
  "Add_Bể-0" : {
    "transaction" : "Add_Bể-0",
    "sampleCount" : 100,
    "errorCount" : 0,
    "errorPct" : 0.0,
    "meanResTime" : 77.05000000000004,
    "medianResTime" : 58.5,
    "minResTime" : 29.0,
    "maxResTime" : 399.0,
    "pct1ResTime" : 132.40000000000003,
    "pct2ResTime" : 291.0999999999982,
    "pct3ResTime" : 398.7599999999999,
    "throughput" : 4.108632236328527,
    "receivedKBytesPerSec" : 4.505853516989195,
    "sentKBytesPerSec" : 1.4765397099305642
  },
  "Add_Bể-1" : {
    "transaction" : "Add_Bể-1",
    "sampleCount" : 100,
    "errorCount" : 0,
    "errorPct" : 0.0,
    "meanResTime" : 68.96000000000004,
    "medianResTime" : 54.5,
    "minResTime" : 35.0,
    "maxResTime" : 374.0,
    "pct1ResTime" : 90.9,
    "pct2ResTime" : 113.74999999999994,
    "pct3ResTime" : 373.31999999999965,
    "throughput" : 4.079800905715801,
    "receivedKBytesPerSec" : 3.856686793684468,
    "sentKBytesPerSec" : 1.4103999224837829
  },
  "ViewMD_Bể-0" : {
    "transaction" : "ViewMD_Bể-0",
    "sampleCount" : 100,
    "errorCount" : 0,
    "errorPct" : 0.0,
    "meanResTime" : 103.24000000000004,
    "medianResTime" : 63.0,
    "minResTime" : 29.0,
    "maxResTime" : 736.0,
    "pct1ResTime" : 259.9000000000003,
    "pct2ResTime" : 389.39999999999964,
    "pct3ResTime" : 734.2799999999991,
    "throughput" : 4.064875411568636,
    "receivedKBytesPerSec" : 4.457866296085525,
    "sentKBytesPerSec" : 0.881252286492419
  },
  "Update_Bể" : {
    "transaction" : "Update_Bể",
    "sampleCount" : 100,
    "errorCount" : 0,
    "errorPct" : 0.0,
    "meanResTime" : 197.85999999999996,
    "medianResTime" : 171.0,
    "minResTime" : 109.0,
    "maxResTime" : 601.0,
    "pct1ResTime" : 317.9000000000002,
    "pct2ResTime" : 427.0999999999998,
    "pct3ResTime" : 600.5899999999998,
    "throughput" : 3.977566524800127,
    "receivedKBytesPerSec" : 27.318579461835252,
    "sentKBytesPerSec" : 3.6901251939063684
  },
  "Total" : {
    "transaction" : "Total",
    "sampleCount" : 1200,
    "errorCount" : 0,
    "errorPct" : 0.0,
    "meanResTime" : 109.20750000000021,
    "medianResTime" : 67.0,
    "minResTime" : 24.0,
    "maxResTime" : 936.0,
    "pct1ResTime" : 207.0,
    "pct2ResTime" : 310.8000000000002,
    "pct3ResTime" : 560.99,
    "throughput" : 46.23564768436464,
    "receivedKBytesPerSec" : 158.77700691608229,
    "sentKBytesPerSec" : 20.36355186098482
  },
  "ViewMD_Bể" : {
    "transaction" : "ViewMD_Bể",
    "sampleCount" : 100,
    "errorCount" : 0,
    "errorPct" : 0.0,
    "meanResTime" : 239.76999999999998,
    "medianResTime" : 180.5,
    "minResTime" : 117.0,
    "maxResTime" : 936.0,
    "pct1ResTime" : 445.80000000000007,
    "pct2ResTime" : 607.8499999999997,
    "pct3ResTime" : 935.8799999999999,
    "throughput" : 4.042363974452259,
    "receivedKBytesPerSec" : 27.76361897687768,
    "sentKBytesPerSec" : 3.1778349603848333
  },
  "ViewMD_Bể-1" : {
    "transaction" : "ViewMD_Bể-1",
    "sampleCount" : 100,
    "errorCount" : 0,
    "errorPct" : 0.0,
    "meanResTime" : 71.02999999999997,
    "medianResTime" : 60.0,
    "minResTime" : 37.0,
    "maxResTime" : 329.0,
    "pct1ResTime" : 93.0,
    "pct2ResTime" : 127.19999999999982,
    "pct3ResTime" : 328.65999999999985,
    "throughput" : 4.115395695296103,
    "receivedKBytesPerSec" : 3.890334993209597,
    "sentKBytesPerSec" : 1.4227051524754106
  },
  "ViewMD_Bể-2" : {
    "transaction" : "ViewMD_Bể-2",
    "sampleCount" : 100,
    "errorCount" : 0,
    "errorPct" : 0.0,
    "meanResTime" : 65.33999999999997,
    "medianResTime" : 51.0,
    "minResTime" : 24.0,
    "maxResTime" : 473.0,
    "pct1ResTime" : 80.70000000000002,
    "pct2ResTime" : 97.74999999999994,
    "pct3ResTime" : 472.76999999999987,
    "throughput" : 4.123201253453181,
    "receivedKBytesPerSec" : 19.89927792438049,
    "sentKBytesPerSec" : 0.9220830928132602
  }
}