{
  "AddLSX-1" : {
    "transaction" : "AddLSX-1",
    "sampleCount" : 300,
    "errorCount" : 0,
    "errorPct" : 0.0,
    "meanResTime" : 75.30333333333337,
    "medianResTime" : 54.0,
    "minResTime" : 34.0,
    "maxResTime" : 962.0,
    "pct1ResTime" : 105.0,
    "pct2ResTime" : 200.89999999999975,
    "pct3ResTime" : 390.83000000000015,
    "throughput" : 5.48706880784285,
    "receivedKBytesPerSec" : 5.165560869883309,
    "sentKBytesPerSec" : 1.8754629714306617
  },
  "AddLSX-2" : {
    "transaction" : "AddLSX-2",
    "sampleCount" : 300,
    "errorCount" : 0,
    "errorPct" : 0.0,
    "meanResTime" : 64.6266666666667,
    "medianResTime" : 45.0,
    "minResTime" : 25.0,
    "maxResTime" : 592.0,
    "pct1ResTime" : 95.4000000000002,
    "pct2ResTime" : 166.84999999999997,
    "pct3ResTime" : 375.95000000000005,
    "throughput" : 5.490784633124074,
    "receivedKBytesPerSec" : 26.499470368065598,
    "sentKBytesPerSec" : 1.2171954216007468
  },
  "Receive_LSX-1" : {
    "transaction" : "Receive_LSX-1",
    "sampleCount" : 300,
    "errorCount" : 0,
    "errorPct" : 0.0,
    "meanResTime" : 72.83,
    "medianResTime" : 53.0,
    "minResTime" : 36.0,
    "maxResTime" : 962.0,
    "pct1ResTime" : 94.80000000000007,
    "pct2ResTime" : 171.24999999999983,
    "pct3ResTime" : 551.2000000000016,
    "throughput" : 5.4864667154352595,
    "receivedKBytesPerSec" : 5.164994056327725,
    "sentKBytesPerSec" : 1.875257178127286
  },
  "AddLSX-0" : {
    "transaction" : "AddLSX-0",
    "sampleCount" : 300,
    "errorCount" : 0,
    "errorPct" : 0.0,
    "meanResTime" : 65.53333333333335,
    "medianResTime" : 45.0,
    "minResTime" : 26.0,
    "maxResTime" : 600.0,
    "pct1ResTime" : 108.80000000000007,
    "pct2ResTime" : 156.84999999999997,
    "pct3ResTime" : 450.19000000000074,
    "throughput" : 5.481153965614895,
    "receivedKBytesPerSec" : 5.968248702793562,
    "sentKBytesPerSec" : 2.216013419691959
  },
  "Receive_LSX-0" : {
    "transaction" : "Receive_LSX-0",
    "sampleCount" : 300,
    "errorCount" : 0,
    "errorPct" : 0.0,
    "meanResTime" : 67.83,
    "medianResTime" : 45.0,
    "minResTime" : 25.0,
    "maxResTime" : 626.0,
    "pct1ResTime" : 101.60000000000014,
    "pct2ResTime" : 150.5499999999999,
    "pct3ResTime" : 575.5400000000004,
    "throughput" : 5.486165718779145,
    "receivedKBytesPerSec" : 5.973705836365964,
    "sentKBytesPerSec" : 2.2394699906735185
  },
  "Receive_LSX-2" : {
    "transaction" : "Receive_LSX-2",
    "sampleCount" : 300,
    "errorCount" : 0,
    "errorPct" : 0.0,
    "meanResTime" : 61.479999999999976,
    "medianResTime" : 44.0,
    "minResTime" : 25.0,
    "maxResTime" : 599.0,
    "pct1ResTime" : 102.90000000000003,
    "pct2ResTime" : 154.69999999999993,
    "pct3ResTime" : 425.4400000000005,
    "throughput" : 5.489378053466543,
    "receivedKBytesPerSec" : 26.492681972882473,
    "sentKBytesPerSec" : 1.2168836114618213
  },
  "AddLSX" : {
    "transaction" : "AddLSX",
    "sampleCount" : 300,
    "errorCount" : 0,
    "errorPct" : 0.0,
    "meanResTime" : 205.61333333333332,
    "medianResTime" : 142.0,
    "minResTime" : 105.0,
    "maxResTime" : 1239.0,
    "pct1ResTime" : 459.9000000000007,
    "pct2ResTime" : 527.6999999999999,
    "pct3ResTime" : 851.9100000000001,
    "throughput" : 5.466771142737395,
    "receivedKBytesPerSec" : 37.482617376132076,
    "sentKBytesPerSec" : 5.290595900832772
  },
  "WorkOrder-1" : {
    "transaction" : "WorkOrder-1",
    "sampleCount" : 300,
    "errorCount" : 0,
    "errorPct" : 0.0,
    "meanResTime" : 74.71666666666664,
    "medianResTime" : 52.0,
    "minResTime" : 35.0,
    "maxResTime" : 668.0,
    "pct1ResTime" : 102.0,
    "pct2ResTime" : 193.74999999999972,
    "pct3ResTime" : 551.7300000000012,
    "throughput" : 5.476851175697386,
    "receivedKBytesPerSec" : 5.155941927121367,
    "sentKBytesPerSec" : 1.8719706166934422
  },
  "WorkOrder-0" : {
    "transaction" : "WorkOrder-0",
    "sampleCount" : 300,
    "errorCount" : 0,
    "errorPct" : 0.0,
    "meanResTime" : 73.81666666666668,
    "medianResTime" : 45.0,
    "minResTime" : 25.0,
    "maxResTime" : 1668.0,
    "pct1ResTime" : 109.20000000000027,
    "pct2ResTime" : 156.89999999999998,
    "pct3ResTime" : 597.0600000000009,
    "throughput" : 5.323868677905945,
    "receivedKBytesPerSec" : 5.79698591393079,
    "sentKBytesPerSec" : 1.1437999112688553
  },
  "WorkOrder-2" : {
    "transaction" : "WorkOrder-2",
    "sampleCount" : 300,
    "errorCount" : 0,
    "errorPct" : 0.0,
    "meanResTime" : 61.146666666666675,
    "medianResTime" : 45.0,
    "minResTime" : 25.0,
    "maxResTime" : 424.0,
    "pct1ResTime" : 108.90000000000003,
    "pct2ResTime" : 138.64999999999992,
    "pct3ResTime" : 398.97,
    "throughput" : 5.486065393899495,
    "receivedKBytesPerSec" : 26.476694508448542,
    "sentKBytesPerSec" : 1.2161492621242045
  },
  "productDelivery_LSX" : {
    "transaction" : "productDelivery_LSX",
    "sampleCount" : 300,
    "errorCount" : 0,
    "errorPct" : 0.0,
    "meanResTime" : 209.59333333333342,
    "medianResTime" : 141.0,
    "minResTime" : 102.0,
    "maxResTime" : 1156.0,
    "pct1ResTime" : 445.50000000000017,
    "pct2ResTime" : 547.8,
    "pct3ResTime" : 977.5000000000014,
    "throughput" : 5.470659032058062,
    "receivedKBytesPerSec" : 37.509274476640286,
    "sentKBytesPerSec" : 4.936414985958642
  },
  "WorkOrder" : {
    "transaction" : "WorkOrder",
    "sampleCount" : 300,
    "errorCount" : 0,
    "errorPct" : 0.0,
    "meanResTime" : 209.8399999999999,
    "medianResTime" : 141.5,
    "minResTime" : 96.0,
    "maxResTime" : 1897.0,
    "pct1ResTime" : 435.90000000000003,
    "pct2ResTime" : 578.1499999999999,
    "pct3ResTime" : 990.5100000000014,
    "throughput" : 5.310298438772259,
    "receivedKBytesPerSec" : 36.40977083849612,
    "sentKBytesPerSec" : 4.133113140333487
  },
  "productDelivery_LSX-2" : {
    "transaction" : "productDelivery_LSX-2",
    "sampleCount" : 300,
    "errorCount" : 0,
    "errorPct" : 0.0,
    "meanResTime" : 64.85333333333334,
    "medianResTime" : 44.0,
    "minResTime" : 25.0,
    "maxResTime" : 731.0,
    "pct1ResTime" : 102.0,
    "pct2ResTime" : 167.64999999999992,
    "pct3ResTime" : 511.2400000000007,
    "throughput" : 5.489679402722881,
    "receivedKBytesPerSec" : 26.494136336187964,
    "sentKBytesPerSec" : 1.2169504144707948
  },
  "productDelivery_LSX-1" : {
    "transaction" : "productDelivery_LSX-1",
    "sampleCount" : 300,
    "errorCount" : 0,
    "errorPct" : 0.0,
    "meanResTime" : 73.93333333333335,
    "medianResTime" : 53.0,
    "minResTime" : 36.0,
    "maxResTime" : 416.0,
    "pct1ResTime" : 114.90000000000003,
    "pct2ResTime" : 225.7999999999995,
    "pct3ResTime" : 382.96000000000004,
    "throughput" : 5.481354259925818,
    "receivedKBytesPerSec" : 5.160181158758291,
    "sentKBytesPerSec" : 1.8735097568105825
  },
  "Total" : {
    "transaction" : "Total",
    "sampleCount" : 4800,
    "errorCount" : 0,
    "errorPct" : 0.0,
    "meanResTime" : 103.3772916666667,
    "medianResTime" : 55.0,
    "minResTime" : 25.0,
    "maxResTime" : 1897.0,
    "pct1ResTime" : 182.0,
    "pct2ResTime" : 340.9499999999998,
    "pct3ResTime" : 675.9199999999983,
    "throughput" : 83.74624886593621,
    "receivedKBytesPerSec" : 287.1007877381534,
    "sentKBytesPerSec" : 37.896404363528504
  },
  "productDelivery_LSX-0" : {
    "transaction" : "productDelivery_LSX-0",
    "sampleCount" : 300,
    "errorCount" : 0,
    "errorPct" : 0.0,
    "meanResTime" : 70.65333333333331,
    "medianResTime" : 46.0,
    "minResTime" : 25.0,
    "maxResTime" : 1014.0,
    "pct1ResTime" : 106.90000000000003,
    "pct2ResTime" : 151.74999999999994,
    "pct3ResTime" : 476.73000000000025,
    "throughput" : 5.484661230757981,
    "receivedKBytesPerSec" : 5.97206764872573,
    "sentKBytesPerSec" : 1.8585717256572452
  },
  "Receive_LSX" : {
    "transaction" : "Receive_LSX",
    "sampleCount" : 300,
    "errorCount" : 0,