{
  "Phương pháp kiểm tra_Update-0" : {
    "transaction" : "Phương pháp kiểm tra_Update-0",
    "sampleCount" : 300,
    "errorCount" : 0,
    "errorPct" : 0.0,
    "meanResTime" : 73.33666666666669,
    "medianResTime" : 67.0,
    "minResTime" : 27.0,
    "maxResTime" : 389.0,
    "pct1ResTime" : 101.90000000000003,
    "pct2ResTime" : 112.0,
    "pct3ResTime" : 323.63000000000034,
    "throughput" : 1.2700294223482844,
    "receivedKBytesPerSec" : 1.377932312723578,
    "sentKBytesPerSec" : 0.4626181391952247
  },
  "Phương pháp kiểm tra_Update-2" : {
    "transaction" : "Phương pháp kiểm tra_Update-2",
    "sampleCount" : 300,
    "errorCount" : 0,
    "errorPct" : 0.0,
    "meanResTime" : 60.3833333333333,
    "medianResTime" : 52.0,
    "minResTime" : 28.0,
    "maxResTime" : 187.0,
    "pct1ResTime" : 82.0,
    "pct2ResTime" : 102.94999999999999,
    "pct3ResTime" : 121.95000000000005,
    "throughput" : 1.270454314462852,
    "receivedKBytesPerSec" : 6.131430880933022,
    "sentKBytesPerSec" : 0.28039323737168415
  },
  "Phương pháp kiểm tra_Update-1" : {
    "transaction" : "Phương pháp kiểm tra_Update-1",
    "sampleCount" : 300,
    "errorCount" : 0,
    "errorPct" : 0.0,
    "meanResTime" : 71.64666666666669,
    "medianResTime" : 69.0,
    "minResTime" : 39.0,
    "maxResTime" : 273.0,
    "pct1ResTime" : 99.7000000000001,
    "pct2ResTime" : 122.89999999999998,
    "pct3ResTime" : 219.38000000000056,
    "throughput" : 1.2703305823618833,
    "receivedKBytesPerSec" : 1.1934160353829413,
    "sentKBytesPerSec" : 0.4317139088495463
  },
  "Phương pháp kiểm tra_Delete-1" : {
    "transaction" : "Phương pháp kiểm tra_Delete-1",
    "sampleCount" : 300,
    "errorCount" : 0,
    "errorPct" : 0.0,
    "meanResTime" : 76.72333333333329,
    "medianResTime" : 72.0,
    "minResTime" : 39.0,
    "maxResTime" : 313.0,
    "pct1ResTime" : 108.0,
    "pct2ResTime" : 133.95,
    "pct3ResTime" : 289.3500000000006,
    "throughput" : 1.2698788958826293,
    "receivedKBytesPerSec" : 1.252517270352984,
    "sentKBytesPerSec" : 0.48612551483006905
  },
  "Phương pháp kiểm tra_View-0" : {
    "transaction" : "Phương pháp kiểm tra_View-0",
    "sampleCount" : 300,
    "errorCount" : 0,
    "errorPct" : 0.0,
    "meanResTime" : 91.14333333333339,
    "medianResTime" : 66.0,
    "minResTime" : 27.0,
    "maxResTime" : 557.0,
    "pct1ResTime" : 213.0,
    "pct2ResTime" : 302.24999999999983,
    "pct3ResTime" : 427.8100000000002,
    "throughput" : 1.281810257900224,
    "receivedKBytesPerSec" : 1.3907140591085436,
    "sentKBytesPerSec" : 0.27413715476577055
  },
  "Phương pháp kiểm tra_Delete-2" : {
    "transaction" : "Phương pháp kiểm tra_Delete-2",
    "sampleCount" : 300,
    "errorCount" : 0,
    "errorPct" : 0.0,
    "meanResTime" : 60.56666666666665,
    "medianResTime" : 52.0,
    "minResTime" : 28.0,
    "maxResTime" : 198.0,
    "pct1ResTime" : 86.0,
    "pct2ResTime" : 103.0,
    "pct3ResTime" : 121.92000000000007,
    "throughput" : 1.2700563058295584,
    "receivedKBytesPerSec" : 6.129510022861013,
    "sentKBytesPerSec" : 0.3100723402904195
  },
  "Phương pháp kiểm tra_View" : {
    "transaction" : "Phương pháp kiểm tra_View",
    "sampleCount" : 300,
    "errorCount" : 0,
    "errorPct" : 0.0,
    "meanResTime" : 233.22666666666666,
    "medianResTime" : 200.5,
    "minResTime" : 119.0,
    "maxResTime" : 1072.0,
    "pct1ResTime" : 368.90000000000003,
    "pct2ResTime" : 477.5999999999999,
    "pct3ResTime" : 655.4800000000005,
    "throughput" : 1.2813667912439937,
    "receivedKBytesPerSec" : 8.778113320875601,
    "sentKBytesPerSec" : 0.9923084623598505
  },
  "Phương pháp kiểm tra_View-1" : {
    "transaction" : "Phương pháp kiểm tra_View-1",
    "sampleCount" : 300,
    "errorCount" : 0,
    "errorPct" : 0.0,
    "meanResTime" : 77.61333333333337,
    "medianResTime" : 71.0,
    "minResTime" : 39.0,
    "maxResTime" : 571.0,
    "pct1ResTime" : 107.90000000000003,
    "pct2ResTime" : 137.89999999999998,
    "pct3ResTime" : 333.96000000000004,
    "throughput" : 1.2838179032686003,
    "receivedKBytesPerSec" : 1.2060867411566343,
    "sentKBytesPerSec" : 0.4362974905639384
  },
  "Phương pháp kiểm tra_View-2" : {
    "transaction" : "Phương pháp kiểm tra_View-2",
    "sampleCount" : 300,
    "errorCount" : 0,
    "errorPct" : 0.0,
    "meanResTime" : 64.24333333333328,
    "medianResTime" : 53.0,
    "minResTime" : 28.0,
    "maxResTime" : 159.0,
    "pct1ResTime" : 97.90000000000003,
    "pct2ResTime" : 108.89999999999998,
    "pct3ResTime" : 120.99000000000001,
    "throughput" : 1.2841256388525053,
    "receivedKBytesPerSec" : 6.197411042196368,
    "sentKBytesPerSec" : 0.2834105413873693
  },
  "Phương pháp kiểm tra_Delete-0" : {
    "transaction" : "Phương pháp kiểm tra_Delete-0",
    "sampleCount" : 300,
    "errorCount" : 0,
    "errorPct" : 0.0,
    "meanResTime" : 79.13000000000005,
    "medianResTime" : 66.0,
    "minResTime" : 26.0,
    "maxResTime" : 380.0,
    "pct1ResTime" : 103.90000000000003,
    "pct2ResTime" : 207.84999999999997,
    "pct3ResTime" : 368.7000000000003,
    "throughput" : 1.2700778134340365,
    "receivedKBytesPerSec" : 1.4920933687120566,
    "sentKBytesPerSec" : 0.4279070758151783
  },
  "Phương pháp kiểm tra_Add" : {
    "transaction" : "Phương pháp kiểm tra_Add",
    "sampleCount" : 300,
    "errorCount" : 0,
    "errorPct" : 0.0,
    "meanResTime" : 207.98666666666674,
    "medianResTime" : 194.0,
    "minResTime" : 119.0,
    "maxResTime" : 668.0,
    "pct1ResTime" : 264.7000000000001,
    "pct2ResTime" : 316.95,
    "pct3ResTime" : 511.0900000000008,
    "throughput" : 1.2754505529078146,
    "receivedKBytesPerSec" : 8.737583621726875,
    "sentKBytesPerSec" : 1.1770515356424656
  },
  "Phương pháp kiểm tra_Add-2" : {
    "transaction" : "Phương pháp kiểm tra_Add-2",
    "sampleCount" : 300,
    "errorCount" : 0,
    "errorPct" : 0.0,
    "meanResTime" : 65.20999999999998,
    "medianResTime" : 54.0,
    "minResTime" : 26.0,
    "maxResTime" : 461.0,
    "pct1ResTime" : 98.60000000000014,
    "pct2ResTime" : 110.94999999999999,
    "pct3ResTime" : 120.96000000000004,
    "throughput" : 1.2767696026692998,
    "receivedKBytesPerSec" : 6.161909547257499,
    "sentKBytesPerSec" : 0.2817870412141228
  },
  "Phương pháp kiểm tra_Add-1" : {
    "transaction" : "Phương pháp kiểm tra_Add-1",
    "sampleCount" : 300,
    "errorCount" : 0,
    "errorPct" : 0.0,
    "meanResTime" : 72.02333333333335,
    "medianResTime" : 70.0,
    "minResTime" : 41.0,
    "maxResTime" : 370.0,
    "pct1ResTime" : 101.0,
    "pct2ResTime" : 131.95,
    "pct3ResTime" : 170.92000000000007,
    "throughput" : 1.2764871074802144,
    "receivedKBytesPerSec" : 1.1991998021444983,
    "sentKBytesPerSec" : 0.4338061654327291
  },
  "Phương pháp kiểm tra_Update" : {
    "transaction" : "Phương pháp kiểm tra_Update",
    "sampleCount" : 300,
    "errorCount" : 0,
    "errorPct" : 0.0,
    "meanResTime" : 205.55333333333346,
    "medianResTime" : 191.0,
    "minResTime" : 105.0,
    "maxResTime" : 514.0,
    "pct1ResTime" : 274.0,
    "pct2ResTime" : 304.9,
    "pct3ResTime" : 465.6700000000003,
    "throughput" : 1.2692878871856925,
    "receivedKBytesPerSec" : 8.695365750593393,
    "sentKBytesPerSec" : 1.1738433878562997
  },
  "Phương pháp kiểm tra_Delete" : {
    "transaction" : "Phương pháp kiểm tra_Delete",
    "sampleCount" : 300,
    "errorCount" : 0,
    "errorPct" : 0.0,
    "meanResTime" : 216.61333333333337,
    "medianResTime" : 196.0,
    "minResTime" : 111.0,
    "maxResTime" : 679.0,
    "pct1ResTime" : 296.0,
    "pct2ResTime" : 381.94999999999976,
    "pct3ResTime" : 535.8900000000001,
    "throughput" : 1.2693308510863357,
    "receivedKBytesPerSec" : 8.869201405783917,
    "sentKBytesPerSec" : 1.2234663574435676
  },
  "Phương pháp kiểm tra_Add-0" : {
    "transaction" : "Phương pháp kiểm tra_Add-0",
    "sampleCount" : 300,
    "errorCount" : 0,
    "errorPct" : 0.0,
    "meanResTime" : 70.55000000000005,