{
  "Phương pháp kiểm tra_Update-0" : {
    "transaction" : "Phương pháp kiểm tra_Update-0",
    "sampleCount" : 600,
    "errorCount" : 0,
    "errorPct" : 0.0,
    "meanResTime" : 55.263333333333335,
    "medianResTime" : 51.0,
    "minResTime" : 27.0,
    "maxResTime" : 209.0,
    "pct1ResTime" : 79.0,
    "pct2ResTime" : 115.94999999999993,
    "pct3ResTime" : 131.99,
    "throughput" : 4.975990844176847,
    "receivedKBytesPerSec" : 5.398755691289528,
    "sentKBytesPerSec" : 1.8125435399198866
  },
  "Phương pháp kiểm tra_Update-2" : {
    "transaction" : "Phương pháp kiểm tra_Update-2",
    "sampleCount" : 600,
    "errorCount" : 0,
    "errorPct" : 0.0,
    "meanResTime" : 46.933333333333366,
    "medianResTime" : 44.5,
    "minResTime" : 27.0,
    "maxResTime" : 111.0,
    "pct1ResTime" : 65.0,
    "pct2ResTime" : 76.0,
    "pct3ResTime" : 95.98000000000002,
    "throughput" : 4.979914345473258,
    "receivedKBytesPerSec" : 24.03392255403207,
    "sentKBytesPerSec" : 1.0990826582782776
  },
  "Phương pháp kiểm tra_Update-1" : {
    "transaction" : "Phương pháp kiểm tra_Update-1",
    "sampleCount" : 600,
    "errorCount" : 0,
    "errorPct" : 0.0,
    "meanResTime" : 58.058333333333344,
    "medianResTime" : 54.0,
    "minResTime" : 33.0,
    "maxResTime" : 108.0,
    "pct1ResTime" : 77.89999999999998,
    "pct2ResTime" : 81.0,
    "pct3ResTime" : 99.96000000000004,
    "throughput" : 4.978715989146399,
    "receivedKBytesPerSec" : 4.67727029449105,
    "sentKBytesPerSec" : 1.6919855119364715
  },
  "Phương pháp kiểm tra_Delete-1" : {
    "transaction" : "Phương pháp kiểm tra_Delete-1",
    "sampleCount" : 600,
    "errorCount" : 0,
    "errorPct" : 0.0,
    "meanResTime" : 58.383333333333304,
    "medianResTime" : 54.0,
    "minResTime" : 35.0,
    "maxResTime" : 116.0,
    "pct1ResTime" : 78.0,
    "pct2ResTime" : 84.94999999999993,
    "pct3ResTime" : 99.98000000000002,
    "throughput" : 4.98024502805538,
    "receivedKBytesPerSec" : 4.912155740562436,
    "sentKBytesPerSec" : 1.9065000498024502
  },
  "Phương pháp kiểm tra_View-0" : {
    "transaction" : "Phương pháp kiểm tra_View-0",
    "sampleCount" : 600,
    "errorCount" : 0,
    "errorPct" : 0.0,
    "meanResTime" : 62.111666666666686,
    "medianResTime" : 51.0,
    "minResTime" : 27.0,
    "maxResTime" : 444.0,
    "pct1ResTime" : 103.89999999999998,
    "pct2ResTime" : 127.0,
    "pct3ResTime" : 241.98000000000002,
    "throughput" : 4.954132985443105,
    "receivedKBytesPerSec" : 5.375040768386026,
    "sentKBytesPerSec" : 1.0595264880976956
  },
  "Phương pháp kiểm tra_Delete-2" : {
    "transaction" : "Phương pháp kiểm tra_Delete-2",
    "sampleCount" : 600,
    "errorCount" : 0,
    "errorPct" : 0.0,
    "meanResTime" : 47.54000000000007,
    "medianResTime" : 46.0,
    "minResTime" : 27.0,
    "maxResTime" : 139.0,
    "pct1ResTime" : 63.0,
    "pct2ResTime" : 76.0,
    "pct3ResTime" : 94.96000000000004,
    "throughput" : 4.9811959851560355,
    "receivedKBytesPerSec" : 24.040107967422976,
    "sentKBytesPerSec" : 1.2161123010634853
  },
  "Phương pháp kiểm tra_View" : {
    "transaction" : "Phương pháp kiểm tra_View",
    "sampleCount" : 600,
    "errorCount" : 0,
    "errorPct" : 0.0,
    "meanResTime" : 167.3283333333334,
    "medianResTime" : 157.0,
    "minResTime" : 102.0,
    "maxResTime" : 617.0,
    "pct1ResTime" : 220.0,
    "pct2ResTime" : 240.89999999999986,
    "pct3ResTime" : 378.8600000000001,
    "throughput" : 4.949555777368981,
    "receivedKBytesPerSec" : 33.907357205315826,
    "sentKBytesPerSec" : 3.8330055971226584
  },
  "Phương pháp kiểm tra_View-1" : {
    "transaction" : "Phương pháp kiểm tra_View-1",
    "sampleCount" : 600,
    "errorCount" : 0,
    "errorPct" : 0.0,
    "meanResTime" : 58.36666666666666,
    "medianResTime" : 54.0,
    "minResTime" : 35.0,
    "maxResTime" : 134.0,
    "pct1ResTime" : 77.0,
    "pct2ResTime" : 83.94999999999993,
    "pct3ResTime" : 111.96000000000004,
    "throughput" : 4.97005541611789,
    "receivedKBytesPerSec" : 4.669134092095127,
    "sentKBytesPerSec" : 1.6890422703213142
  },
  "Phương pháp kiểm tra_View-2" : {
    "transaction" : "Phương pháp kiểm tra_View-2",
    "sampleCount" : 600,
    "errorCount" : 0,
    "errorPct" : 0.0,
    "meanResTime" : 46.71500000000001,
    "medianResTime" : 45.0,
    "minResTime" : 28.0,
    "maxResTime" : 149.0,
    "pct1ResTime" : 61.89999999999998,
    "pct2ResTime" : 72.94999999999993,
    "pct3ResTime" : 90.98000000000002,
    "throughput" : 4.972114723260381,
    "receivedKBytesPerSec" : 23.99628023667266,
    "sentKBytesPerSec" : 1.0973612572820763
  },
  "Phương pháp kiểm tra_Delete-0" : {
    "transaction" : "Phương pháp kiểm tra_Delete-0",
    "sampleCount" : 600,
    "errorCount" : 0,
    "errorPct" : 0.0,
    "meanResTime" : 55.44333333333328,
    "medianResTime" : 51.0,
    "minResTime" : 27.0,
    "maxResTime" : 184.0,
    "pct1ResTime" : 81.0,
    "pct2ResTime" : 111.94999999999993,
    "pct3ResTime" : 130.98000000000002,
    "throughput" : 4.980906524987548,
    "receivedKBytesPerSec" : 5.8515923335547075,
    "sentKBytesPerSec" : 1.6781374522663126
  },
  "Phương pháp kiểm tra_Add" : {
    "transaction" : "Phương pháp kiểm tra_Add",
    "sampleCount" : 600,
    "errorCount" : 0,
    "errorPct" : 0.0,
    "meanResTime" : 161.51500000000013,
    "medianResTime" : 156.0,
    "minResTime" : 98.0,
    "maxResTime" : 336.0,
    "pct1ResTime" : 210.89999999999998,
    "pct2ResTime" : 226.94999999999993,
    "pct3ResTime" : 281.97,
    "throughput" : 4.965407659968883,
    "receivedKBytesPerSec" : 34.015951889337614,
    "sentKBytesPerSec" : 4.582334217451753
  },
  "Phương pháp kiểm tra_Add-2" : {
    "transaction" : "Phương pháp kiểm tra_Add-2",
    "sampleCount" : 600,
    "errorCount" : 0,
    "errorPct" : 0.0,
    "meanResTime" : 47.206666666666635,
    "medianResTime" : 46.0,
    "minResTime" : 28.0,
    "maxResTime" : 103.0,
    "pct1ResTime" : 63.0,
    "pct2ResTime" : 77.0,
    "pct3ResTime" : 86.99000000000001,
    "throughput" : 4.975784515358588,
    "receivedKBytesPerSec" : 24.013991284084124,
    "sentKBytesPerSec" : 1.098171191866251
  },
  "Phương pháp kiểm tra_Add-1" : {
    "transaction" : "Phương pháp kiểm tra_Add-1",
    "sampleCount" : 600,
    "errorCount" : 0,
    "errorPct" : 0.0,
    "meanResTime" : 58.311666666666625,
    "medianResTime" : 54.0,
    "minResTime" : 32.0,
    "maxResTime" : 168.0,
    "pct1ResTime" : 79.0,
    "pct2ResTime" : 84.94999999999993,
    "pct3ResTime" : 102.0,
    "throughput" : 4.975289395999868,
    "receivedKBytesPerSec" : 4.674051170851437,
    "sentKBytesPerSec" : 1.6908210056718298
  },
  "Phương pháp kiểm tra_Update" : {
    "transaction" : "Phương pháp kiểm tra_Update",
    "sampleCount" : 600,
    "errorCount" : 0,
    "errorPct" : 0.0,
    "meanResTime" : 160.40166666666673,
    "medianResTime" : 155.0,
    "minResTime" : 97.0,
    "maxResTime" : 362.0,
    "pct1ResTime" : 207.0,
    "pct2ResTime" : 220.89999999999986,
    "pct3ResTime" : 252.99,
    "throughput" : 4.9699319119328065,
    "receivedKBytesPerSec" : 34.04694566621937,
    "sentKBytesPerSec" : 4.5962163287112965
  },
  "Phương pháp kiểm tra_Delete" : {
    "transaction" : "Phương pháp kiểm tra_Delete",
    "sampleCount" : 600,
    "errorCount" : 0,
    "errorPct" : 0.0,
    "meanResTime" : 161.50333333333325,
    "medianResTime" : 157.0,
    "minResTime" : 101.0,
    "maxResTime" : 290.0,
    "pct1ResTime" : 209.0,
    "pct2ResTime" : 219.0,
    "pct3ResTime" : 252.99,
    "throughput" : 4.974216975344464,
    "receivedKBytesPerSec" : 34.75636958846645,
    "sentKBytesPerSec" : 4.7944845260400255
  },
  "Phương pháp kiểm tra_Add-0" : {
    "transaction" : "Phương pháp kiểm tra_Add-0",
    "sampleCount" : 600,
    "errorCount" : 0,
    "errorPct" : 0.0,
    "meanResTime" : 55.848333333333265,
    "medianResTime" : 50.5,
    "minResTime" : 27.0,
    "maxResTime" : 222.0,
    "pct1ResTime" : 81.89999999999998,
    "pct2ResTime" : 120.0,