{
  "LAB_Kiểm tra độ dày_view-2" : {
    "transaction" : "LAB_Kiểm tra độ dày_view-2",
    "sampleCount" : 300,
    "errorCount" : 0,
    "errorPct" : 0.0,
    "meanResTime" : 38.1366666666667,
    "medianResTime" : 33.0,
    "minResTime" : 26.0,
    "maxResTime" : 432.0,
    "pct1ResTime" : 49.900000000000034,
    "pct2ResTime" : 62.0,
    "pct3ResTime" : 110.98000000000002,
    "throughput" : 6.890848952590959,
    "receivedKBytesPerSec" : 33.25642140986769,
    "sentKBytesPerSec" : 1.5073732083792724
  },
  "LAB_Kiểm tra độ dày_view-1" : {
    "transaction" : "LAB_Kiểm tra độ dày_view-1",
    "sampleCount" : 300,
    "errorCount" : 0,
    "errorPct" : 0.0,
    "meanResTime" : 46.95333333333333,
    "medianResTime" : 43.0,
    "minResTime" : 32.0,
    "maxResTime" : 404.0,
    "pct1ResTime" : 58.0,
    "pct2ResTime" : 64.94999999999999,
    "pct3ResTime" : 134.83000000000015,
    "throughput" : 6.894649751792609,
    "receivedKBytesPerSec" : 6.450268029509101,
    "sentKBytesPerSec" : 2.3161714009928294
  },
  "LAB_Lịch sử" : {
    "transaction" : "LAB_Lịch sử",
    "sampleCount" : 300,
    "errorCount" : 0,
    "errorPct" : 0.0,
    "meanResTime" : 127.13666666666666,
    "medianResTime" : 110.0,
    "minResTime" : 88.0,
    "maxResTime" : 619.0,
    "pct1ResTime" : 150.0,
    "pct2ResTime" : 186.74999999999994,
    "pct3ResTime" : 578.5400000000004,
    "throughput" : 6.804881368234814,
    "receivedKBytesPerSec" : 46.537679904051174,
    "sentKBytesPerSec" : 5.216632689515946
  },
  "LAB_Kiểm tra QC" : {
    "transaction" : "LAB_Kiểm tra QC",
    "sampleCount" : 300,
    "errorCount" : 0,
    "errorPct" : 0.0,
    "meanResTime" : 121.8233333333333,
    "medianResTime" : 110.0,
    "minResTime" : 92.0,
    "maxResTime" : 931.0,
    "pct1ResTime" : 143.80000000000007,
    "pct2ResTime" : 175.89999999999998,
    "pct3ResTime" : 464.1400000000017,
    "throughput" : 6.816167950378297,
    "receivedKBytesPerSec" : 46.614867340331266,
    "sentKBytesPerSec" : 5.225285001022425
  },
  "LAB_Kiểm tra độ sạch_view-2" : {
    "transaction" : "LAB_Kiểm tra độ sạch_view-2",
    "sampleCount" : 300,
    "errorCount" : 0,
    "errorPct" : 0.0,
    "meanResTime" : 37.866666666666646,
    "medianResTime" : 33.0,
    "minResTime" : 25.0,
    "maxResTime" : 399.0,
    "pct1ResTime" : 45.900000000000034,
    "pct2ResTime" : 60.94999999999999,
    "pct3ResTime" : 155.75000000000023,
    "throughput" : 6.9178619194760875,
    "receivedKBytesPerSec" : 33.386790630909005,
    "sentKBytesPerSec" : 1.5132822948853941
  },
  "LAB_Kiểm tra độ dày_view" : {
    "transaction" : "LAB_Kiểm tra độ dày_view",
    "sampleCount" : 300,
    "errorCount" : 0,
    "errorPct" : 0.0,
    "meanResTime" : 124.31666666666666,
    "medianResTime" : 111.0,
    "minResTime" : 90.0,
    "maxResTime" : 846.0,
    "pct1ResTime" : 148.0,
    "pct2ResTime" : 183.84999999999997,
    "pct3ResTime" : 451.8800000000001,
    "throughput" : 6.861534239055853,
    "receivedKBytesPerSec" : 46.92512136338685,
    "sentKBytesPerSec" : 5.2600628688074655
  },
  "LAB_Kiểm tra độ bền_kt" : {
    "transaction" : "LAB_Kiểm tra độ bền_kt",
    "sampleCount" : 300,
    "errorCount" : 0,
    "errorPct" : 0.0,
    "meanResTime" : 123.8166666666666,
    "medianResTime" : 110.0,
    "minResTime" : 88.0,
    "maxResTime" : 920.0,
    "pct1ResTime" : 154.7000000000001,
    "pct2ResTime" : 198.0,
    "pct3ResTime" : 421.5700000000013,
    "throughput" : 6.823454487558568,
    "receivedKBytesPerSec" : 46.66469900036392,
    "sentKBytesPerSec" : 6.330353284356093
  },
  "LAB_Kiểm tra độ sạch_view-1" : {
    "transaction" : "LAB_Kiểm tra độ sạch_view-1",
    "sampleCount" : 300,
    "errorCount" : 0,
    "errorPct" : 0.0,
    "meanResTime" : 46.81333333333333,
    "medianResTime" : 43.0,
    "minResTime" : 31.0,
    "maxResTime" : 396.0,
    "pct1ResTime" : 55.900000000000034,
    "pct2ResTime" : 68.89999999999998,
    "pct3ResTime" : 94.97000000000003,
    "throughput" : 6.945087508102603,
    "receivedKBytesPerSec" : 6.4974549148069265,
    "sentKBytesPerSec" : 2.333115334753218
  },
  "LAB_Lịch sử QC-0" : {
    "transaction" : "LAB_Lịch sử QC-0",
    "sampleCount" : 300,
    "errorCount" : 0,
    "errorPct" : 0.0,
    "meanResTime" : 37.92666666666665,
    "medianResTime" : 33.0,
    "minResTime" : 25.0,
    "maxResTime" : 390.0,
    "pct1ResTime" : 50.0,
    "pct2ResTime" : 65.84999999999997,
    "pct3ResTime" : 127.70000000000027,
    "throughput" : 6.81121580202066,
    "receivedKBytesPerSec" : 7.336690458621864,
    "sentKBytesPerSec" : 1.443392411170394
  },
  "LAB_Lịch sử QC-1" : {
    "transaction" : "LAB_Lịch sử QC-1",
    "sampleCount" : 300,
    "errorCount" : 0,
    "errorPct" : 0.0,
    "meanResTime" : 45.7533333333333,
    "medianResTime" : 42.0,
    "minResTime" : 31.0,
    "maxResTime" : 410.0,
    "pct1ResTime" : 54.0,
    "pct2ResTime" : 63.94999999999999,
    "pct3ResTime" : 91.97000000000003,
    "throughput" : 6.804572672836146,
    "receivedKBytesPerSec" : 6.3659966997822535,
    "sentKBytesPerSec" : 2.2859111322808925
  },
  "LAB_Kiểm tra độ bền_view" : {
    "transaction" : "LAB_Kiểm tra độ bền_view",
    "sampleCount" : 300,
    "errorCount" : 0,
    "errorPct" : 0.0,
    "meanResTime" : 128.34666666666664,
    "medianResTime" : 111.0,
    "minResTime" : 91.0,
    "maxResTime" : 920.0,
    "pct1ResTime" : 156.0,
    "pct2ResTime" : 195.95,
    "pct3ResTime" : 537.98,
    "throughput" : 6.83667190811513,
    "receivedKBytesPerSec" : 46.75509118411158,
    "sentKBytesPerSec" : 5.241003367060915
  },
  "LAB_Lịch sử QC-2" : {
    "transaction" : "LAB_Lịch sử QC-2",
    "sampleCount" : 300,
    "errorCount" : 0,
    "errorPct" : 0.0,
    "meanResTime" : 39.290000000000006,
    "medianResTime" : 33.0,
    "minResTime" : 26.0,
    "maxResTime" : 472.0,
    "pct1ResTime" : 52.7000000000001,
    "pct2ResTime" : 70.0,
    "pct3ResTime" : 122.99000000000001,
    "throughput" : 6.809824306532892,
    "receivedKBytesPerSec" : 32.865382541880415,
    "sentKBytesPerSec" : 1.4896490670540699
  },
  "LAB_Kiểm tra độ bền_kt-0" : {
    "transaction" : "LAB_Kiểm tra độ bền_kt-0",
    "sampleCount" : 300,
    "errorCount" : 0,
    "errorPct" : 0.0,
    "meanResTime" : 38.486666666666665,
    "medianResTime" : 34.0,
    "minResTime" : 25.0,
    "maxResTime" : 374.0,
    "pct1ResTime" : 50.0,
    "pct2ResTime" : 66.89999999999998,
    "pct3ResTime" : 88.88000000000011,
    "throughput" : 6.845720283869201,
    "receivedKBytesPerSec" : 7.373856907331766,
    "sentKBytesPerSec" : 2.553774559021518
  },
  "LAB_Kiểm tra độ bền_kt-1" : {
    "transaction" : "LAB_Kiểm tra độ bền_kt-1",
    "sampleCount" : 300,
    "errorCount" : 0,
    "errorPct" : 0.0,
    "meanResTime" : 47.27333333333332,
    "medianResTime" : 43.0,
    "minResTime" : 31.0,
    "maxResTime" : 401.0,
    "pct1ResTime" : 61.0,
    "pct2ResTime" : 71.0,
    "pct3ResTime" : 99.99000000000001,
    "throughput" : 6.842909605164116,
    "receivedKBytesPerSec" : 6.401862697018772,
    "sentKBytesPerSec" : 2.29878994548482
  },
  "LAB_Kiểm tra độ bền_kt-2" : {
    "transaction" : "LAB_Kiểm tra độ bền_kt-2",
    "sampleCount" : 300,
    "errorCount" : 0,
    "errorPct" : 0.0,
    "meanResTime" : 37.95666666666665,
    "medianResTime" : 32.0,
    "minResTime" : 25.0,
    "maxResTime" : 432.0,
    "pct1ResTime" : 49.0,
    "pct2ResTime" : 56.94999999999999,
    "pct3ResTime" : 128.8800000000001,
    "throughput" : 6.846657689937696,
    "receivedKBytesPerSec" : 33.043146780929774,
    "sentKBytesPerSec" : 1.4977063696738708
  },
  "LAB_Kiểm tra độ dày_kt-0" : {
    "transaction" : "LAB_Kiểm tra độ dày_kt-0",
    "sampleCount" : 300,
    "errorCount" : 0,
    "errorPct" : 0.0,
    "meanResTime" : 40.01999999999998,
    "medianResTime" : 35.0,
    "minResTime" : 25.0,
    "maxResTime" : 355.0,
    "pct1ResTime" : 52.80000000000007,
    "pct2ResTime" : 70.94999999999999,
    "pct3ResTime" : 155.59000000000037,
    "throughput" : 6.873954586073368,