{
  "AddLSX-1" : {
    "transaction" : "AddLSX-1",
    "sampleCount" : 200,
    "errorCount" : 0,
    "errorPct" : 0.0,
    "meanResTime" : 68.51000000000002,
    "medianResTime" : 55.5,
    "minResTime" : 36.0,
    "maxResTime" : 392.0,
    "pct1ResTime" : 86.9,
    "pct2ResTime" : 118.5499999999999,
    "pct3ResTime" : 381.6500000000003,
    "throughput" : 5.632216277105041,
    "receivedKBytesPerSec" : 5.302203604618418,
    "sentKBytesPerSec" : 1.925073922838637
  },
  "AddLSX-2" : {
    "transaction" : "AddLSX-2",
    "sampleCount" : 200,
    "errorCount" : 0,
    "errorPct" : 0.0,
    "meanResTime" : 70.79499999999994,
    "medianResTime" : 40.0,
    "minResTime" : 25.0,
    "maxResTime" : 1316.0,
    "pct1ResTime" : 79.9,
    "pct2ResTime" : 152.74999999999972,
    "pct3ResTime" : 1008.850000000001,
    "throughput" : 5.669737774627924,
    "receivedKBytesPerSec" : 27.363128986534374,
    "sentKBytesPerSec" : 1.2568656980864636
  },
  "Receive_LSX-1" : {
    "transaction" : "Receive_LSX-1",
    "sampleCount" : 200,
    "errorCount" : 0,
    "errorPct" : 0.0,
    "meanResTime" : 65.18000000000004,
    "medianResTime" : 53.0,
    "minResTime" : 34.0,
    "maxResTime" : 988.0,
    "pct1ResTime" : 78.0,
    "pct2ResTime" : 98.79999999999995,
    "pct3ResTime" : 533.6600000000021,
    "throughput" : 5.793407102717108,
    "receivedKBytesPerSec" : 5.453949655292278,
    "sentKBytesPerSec" : 1.9801684433115117
  },
  "AddLSX-0" : {
    "transaction" : "AddLSX-0",
    "sampleCount" : 200,
    "errorCount" : 0,
    "errorPct" : 0.0,
    "meanResTime" : 62.02000000000001,
    "medianResTime" : 41.0,
    "minResTime" : 26.0,
    "maxResTime" : 984.0,
    "pct1ResTime" : 82.60000000000002,
    "pct2ResTime" : 110.89999999999998,
    "pct3ResTime" : 974.7100000000048,
    "throughput" : 5.625404325935927,
    "receivedKBytesPerSec" : 6.125318186932186,
    "sentKBytesPerSec" : 2.274333389587377
  },
  "Receive_LSX-0" : {
    "transaction" : "Receive_LSX-0",
    "sampleCount" : 200,
    "errorCount" : 0,
    "errorPct" : 0.0,
    "meanResTime" : 48.444999999999965,
    "medianResTime" : 41.0,
    "minResTime" : 25.0,
    "maxResTime" : 397.0,
    "pct1ResTime" : 70.9,
    "pct2ResTime" : 89.89999999999998,
    "pct3ResTime" : 291.63000000000125,
    "throughput" : 5.794246313410783,
    "receivedKBytesPerSec" : 6.309164686965842,
    "sentKBytesPerSec" : 2.365229452154011
  },
  "Receive_LSX-2" : {
    "transaction" : "Receive_LSX-2",
    "sampleCount" : 200,
    "errorCount" : 0,
    "errorPct" : 0.0,
    "meanResTime" : 62.059999999999995,
    "medianResTime" : 39.5,
    "minResTime" : 25.0,
    "maxResTime" : 1289.0,
    "pct1ResTime" : 74.80000000000001,
    "pct2ResTime" : 103.49999999999989,
    "pct3ResTime" : 653.3300000000006,
    "throughput" : 5.876303804906714,
    "receivedKBytesPerSec" : 28.36005215219627,
    "sentKBytesPerSec" : 1.3026571911267815
  },
  "AddLSX" : {
    "transaction" : "AddLSX",
    "sampleCount" : 200,
    "errorCount" : 0,
    "errorPct" : 0.0,
    "meanResTime" : 201.415,
    "medianResTime" : 136.5,
    "minResTime" : 98.0,
    "maxResTime" : 1595.0,
    "pct1ResTime" : 235.60000000000002,
    "pct2ResTime" : 777.2999999999998,
    "pct3ResTime" : 1563.5700000000013,
    "throughput" : 5.603182607721186,
    "receivedKBytesPerSec" : 38.417915125791446,
    "sentKBytesPerSec" : 5.422611293214546
  },
  "WorkOrder-1" : {
    "transaction" : "WorkOrder-1",
    "sampleCount" : 200,
    "errorCount" : 0,
    "errorPct" : 0.0,
    "meanResTime" : 63.56999999999999,
    "medianResTime" : 54.0,
    "minResTime" : 35.0,
    "maxResTime" : 991.0,
    "pct1ResTime" : 84.70000000000002,
    "pct2ResTime" : 96.74999999999994,
    "pct3ResTime" : 141.96000000000004,
    "throughput" : 5.631899076368551,
    "receivedKBytesPerSec" : 5.301904989862582,
    "sentKBytesPerSec" : 1.9249655046181573
  },
  "WorkOrder-0" : {
    "transaction" : "WorkOrder-0",
    "sampleCount" : 200,
    "errorCount" : 0,
    "errorPct" : 0.0,
    "meanResTime" : 72.39999999999995,
    "medianResTime" : 42.0,
    "minResTime" : 26.0,
    "maxResTime" : 1178.0,
    "pct1ResTime" : 93.9,
    "pct2ResTime" : 156.84999999999997,
    "pct3ResTime" : 980.6600000000012,
    "throughput" : 5.5443129210212625,
    "receivedKBytesPerSec" : 6.037020416932331,
    "sentKBytesPerSec" : 1.1911609791256619
  },
  "WorkOrder-2" : {
    "transaction" : "WorkOrder-2",
    "sampleCount" : 200,
    "errorCount" : 0,
    "errorPct" : 0.0,
    "meanResTime" : 65.27000000000001,
    "medianResTime" : 39.0,
    "minResTime" : 26.0,
    "maxResTime" : 1311.0,
    "pct1ResTime" : 71.60000000000002,
    "pct2ResTime" : 91.79999999999995,
    "pct3ResTime" : 1304.6400000000003,
    "throughput" : 5.638090942406901,
    "receivedKBytesPerSec" : 27.210395934936432,
    "sentKBytesPerSec" : 1.2498502382093424
  },
  "productDelivery_LSX" : {
    "transaction" : "productDelivery_LSX",
    "sampleCount" : 200,
    "errorCount" : 0,
    "errorPct" : 0.0,
    "meanResTime" : 192.64499999999992,
    "medianResTime" : 138.0,
    "minResTime" : 96.0,
    "maxResTime" : 1591.0,
    "pct1ResTime" : 239.9,
    "pct2ResTime" : 447.7499999999997,
    "pct3ResTime" : 1417.8000000000002,
    "throughput" : 5.890495685211911,
    "receivedKBytesPerSec" : 40.387861529172675,
    "sentKBytesPerSec" : 5.3152519659529345
  },
  "WorkOrder" : {
    "transaction" : "WorkOrder",
    "sampleCount" : 200,
    "errorCount" : 0,
    "errorPct" : 0.0,
    "meanResTime" : 201.36000000000007,
    "medianResTime" : 140.5,
    "minResTime" : 96.0,
    "maxResTime" : 1416.0,
    "pct1ResTime" : 263.5,
    "pct2ResTime" : 489.84999999999997,
    "pct3ResTime" : 1411.8300000000002,
    "throughput" : 5.522268547919485,
    "receivedKBytesPerSec" : 37.86313229974874,
    "sentKBytesPerSec" : 4.2980937819256155
  },
  "productDelivery_LSX-2" : {
    "transaction" : "productDelivery_LSX-2",
    "sampleCount" : 200,
    "errorCount" : 0,
    "errorPct" : 0.0,
    "meanResTime" : 59.50499999999999,
    "medianResTime" : 40.0,
    "minResTime" : 25.0,
    "maxResTime" : 1285.0,
    "pct1ResTime" : 71.9,
    "pct2ResTime" : 86.84999999999997,
    "pct3ResTime" : 980.9300000000046,
    "throughput" : 5.916109566349169,
    "receivedKBytesPerSec" : 28.552161598532805,
    "sentKBytesPerSec" : 1.3114813198840443
  },
  "productDelivery_LSX-1" : {
    "transaction" : "productDelivery_LSX-1",
    "sampleCount" : 200,
    "errorCount" : 0,
    "errorPct" : 0.0,
    "meanResTime" : 70.47000000000003,
    "medianResTime" : 57.0,
    "minResTime" : 34.0,
    "maxResTime" : 984.0,
    "pct1ResTime" : 90.0,
    "pct2ResTime" : 108.94999999999999,
    "pct3ResTime" : 369.5700000000004,
    "throughput" : 5.912436810831585,
    "receivedKBytesPerSec" : 5.566004966446921,
    "sentKBytesPerSec" : 2.0208524255772016
  },
  "Total" : {
    "transaction" : "Total",
    "sampleCount" : 3200,
    "errorCount" : 0,
    "errorPct" : 0.0,
    "meanResTime" : 96.37562499999973,
    "medianResTime" : 53.0,
    "minResTime" : 24.0,
    "maxResTime" : 1595.0,
    "pct1ResTime" : 159.0,
    "pct2ResTime" : 225.84999999999945,
    "pct3ResTime" : 985.9799999999996,
    "throughput" : 86.35578583765113,
    "receivedKBytesPerSec" : 296.0468615069085,
    "sentKBytesPerSec" : 39.077258068868744
  },
  "productDelivery_LSX-0" : {
    "transaction" : "productDelivery_LSX-0",
    "sampleCount" : 200,
    "errorCount" : 0,
    "errorPct" : 0.0,
    "meanResTime" : 62.535,
    "medianResTime" : 41.0,
    "minResTime" : 24.0,
    "maxResTime" : 1030.0,
    "pct1ResTime" : 73.0,
    "pct2ResTime" : 145.64999999999992,
    "pct3ResTime" : 959.2200000000053,
    "throughput" : 5.917860101787194,
    "receivedKBytesPerSec" : 6.4437636850514854,
    "sentKBytesPerSec" : 2.0053686087110902
  },
  "Receive_LSX" : {
    "transaction" : "Receive_LSX",
    "sampleCount" : 200,
    "errorCount" : 0,
    "errorPct" : 0.0,
    "meanResTime" : 175.82999999999993,