{
  "LAB_Kiểm tra độ dày_view-2" : {
    "transaction" : "LAB_Kiểm tra độ dày_view-2",
    "sampleCount" : 300,
    "errorCount" : 0,
    "errorPct" : 0.0,
    "meanResTime" : 38.89999999999997,
    "medianResTime" : 31.0,
    "minResTime" : 25.0,
    "maxResTime" : 1031.0,
    "pct1ResTime" : 46.900000000000034,
    "pct2ResTime" : 53.0,
    "pct3ResTime" : 69.99000000000001,
    "throughput" : 8.302200083022,
    "receivedKBytesPerSec" : 40.06784454130345,
    "sentKBytesPerSec" : 1.8161062681610627
  },
  "LAB_Kiểm tra độ dày_view-1" : {
    "transaction" : "LAB_Kiểm tra độ dày_view-1",
    "sampleCount" : 300,
    "errorCount" : 0,
    "errorPct" : 0.0,
    "meanResTime" : 47.47333333333333,
    "medianResTime" : 44.0,
    "minResTime" : 31.0,
    "maxResTime" : 101.0,
    "pct1ResTime" : 65.0,
    "pct2ResTime" : 75.0,
    "pct3ResTime" : 90.95000000000005,
    "throughput" : 8.298984757531327,
    "receivedKBytesPerSec" : 7.764089255581067,
    "sentKBytesPerSec" : 2.7879401919831808
  },
  "LAB_Lịch sử" : {
    "transaction" : "LAB_Lịch sử",
    "sampleCount" : 300,
    "errorCount" : 0,
    "errorPct" : 0.0,
    "meanResTime" : 130.74,
    "medianResTime" : 110.0,
    "minResTime" : 86.0,
    "maxResTime" : 1229.0,
    "pct1ResTime" : 141.0,
    "pct2ResTime" : 170.64999999999992,
    "pct3ResTime" : 1201.4700000000023,
    "throughput" : 8.281344890410203,
    "receivedKBytesPerSec" : 56.63501783939712,
    "sentKBytesPerSec" : 6.348491932589853
  },
  "LAB_Kiểm tra QC" : {
    "transaction" : "LAB_Kiểm tra QC",
    "sampleCount" : 300,
    "errorCount" : 0,
    "errorPct" : 0.0,
    "meanResTime" : 136.26000000000005,
    "medianResTime" : 111.0,
    "minResTime" : 87.0,
    "maxResTime" : 1233.0,
    "pct1ResTime" : 150.0,
    "pct2ResTime" : 181.84999999999997,
    "pct3ResTime" : 1203.7100000000003,
    "throughput" : 8.181520671975566,
    "receivedKBytesPerSec" : 55.95233326742664,
    "sentKBytesPerSec" : 6.271966530762517
  },
  "LAB_Kiểm tra độ sạch_view-2" : {
    "transaction" : "LAB_Kiểm tra độ sạch_view-2",
    "sampleCount" : 300,
    "errorCount" : 0,
    "errorPct" : 0.0,
    "meanResTime" : 34.54999999999998,
    "medianResTime" : 31.0,
    "minResTime" : 26.0,
    "maxResTime" : 299.0,
    "pct1ResTime" : 42.0,
    "pct2ResTime" : 49.94999999999999,
    "pct3ResTime" : 84.92000000000007,
    "throughput" : 8.305877792851408,
    "receivedKBytesPerSec" : 40.08559380104654,
    "sentKBytesPerSec" : 1.8169107671862454
  },
  "LAB_Kiểm tra độ dày_view" : {
    "transaction" : "LAB_Kiểm tra độ dày_view",
    "sampleCount" : 300,
    "errorCount" : 0,
    "errorPct" : 0.0,
    "meanResTime" : 121.74333333333331,
    "medianResTime" : 108.0,
    "minResTime" : 86.0,
    "maxResTime" : 1175.0,
    "pct1ResTime" : 139.0,
    "pct2ResTime" : 168.0,
    "pct3ResTime" : 455.1200000000017,
    "throughput" : 8.256501995321315,
    "receivedKBytesPerSec" : 56.46512057933122,
    "sentKBytesPerSec" : 6.329447330397688
  },
  "LAB_Kiểm tra độ bền_kt" : {
    "transaction" : "LAB_Kiểm tra độ bền_kt",
    "sampleCount" : 300,
    "errorCount" : 0,
    "errorPct" : 0.0,
    "meanResTime" : 125.37666666666667,
    "medianResTime" : 109.0,
    "minResTime" : 89.0,
    "maxResTime" : 1229.0,
    "pct1ResTime" : 146.0,
    "pct2ResTime" : 169.0,
    "pct3ResTime" : 457.3700000000006,
    "throughput" : 8.201427048306405,
    "receivedKBytesPerSec" : 56.08847033133765,
    "sentKBytesPerSec" : 7.608745796768638
  },
  "LAB_Kiểm tra độ sạch_view-1" : {
    "transaction" : "LAB_Kiểm tra độ sạch_view-1",
    "sampleCount" : 300,
    "errorCount" : 0,
    "errorPct" : 0.0,
    "meanResTime" : 47.726666666666674,
    "medianResTime" : 44.0,
    "minResTime" : 30.0,
    "maxResTime" : 357.0,
    "pct1ResTime" : 62.900000000000034,
    "pct2ResTime" : 72.89999999999998,
    "pct3ResTime" : 90.99000000000001,
    "throughput" : 8.296001327360212,
    "receivedKBytesPerSec" : 7.761298116807699,
    "sentKBytesPerSec" : 2.7869379459100716
  },
  "LAB_Lịch sử QC-0" : {
    "transaction" : "LAB_Lịch sử QC-0",
    "sampleCount" : 300,
    "errorCount" : 0,
    "errorPct" : 0.0,
    "meanResTime" : 35.99,
    "medianResTime" : 31.0,
    "minResTime" : 24.0,
    "maxResTime" : 279.0,
    "pct1ResTime" : 47.0,
    "pct2ResTime" : 54.89999999999998,
    "pct3ResTime" : 105.92000000000007,
    "throughput" : 8.304728158564943,
    "receivedKBytesPerSec" : 8.94542495986048,
    "sentKBytesPerSec" : 1.759888682039641
  },
  "LAB_Lịch sử QC-1" : {
    "transaction" : "LAB_Lịch sử QC-1",
    "sampleCount" : 300,
    "errorCount" : 0,
    "errorPct" : 0.0,
    "meanResTime" : 48.05333333333332,
    "medianResTime" : 44.5,
    "minResTime" : 33.0,
    "maxResTime" : 296.0,
    "pct1ResTime" : 61.0,
    "pct2ResTime" : 68.94999999999999,
    "pct3ResTime" : 94.90000000000009,
    "throughput" : 8.30059210890377,
    "receivedKBytesPerSec" : 7.765593008134579,
    "sentKBytesPerSec" : 2.7884801615848596
  },
  "LAB_Kiểm tra độ bền_view" : {
    "transaction" : "LAB_Kiểm tra độ bền_view",
    "sampleCount" : 300,
    "errorCount" : 0,
    "errorPct" : 0.0,
    "meanResTime" : 121.36999999999999,
    "medianResTime" : 110.0,
    "minResTime" : 85.0,
    "maxResTime" : 1075.0,
    "pct1ResTime" : 150.80000000000007,
    "pct2ResTime" : 163.95,
    "pct3ResTime" : 298.1200000000008,
    "throughput" : 8.22729267222466,
    "receivedKBytesPerSec" : 56.265361898036424,
    "sentKBytesPerSec" : 6.307055417672225
  },
  "LAB_Lịch sử QC-2" : {
    "transaction" : "LAB_Lịch sử QC-2",
    "sampleCount" : 300,
    "errorCount" : 0,
    "errorPct" : 0.0,
    "meanResTime" : 43.376666666666694,
    "medianResTime" : 32.0,
    "minResTime" : 26.0,
    "maxResTime" : 1021.0,
    "pct1ResTime" : 44.0,
    "pct2ResTime" : 55.89999999999998,
    "pct3ResTime" : 633.9800000000027,
    "throughput" : 8.301281164393037,
    "receivedKBytesPerSec" : 40.06340968206093,
    "sentKBytesPerSec" : 1.8159052547109769
  },
  "LAB_Kiểm tra độ bền_kt-0" : {
    "transaction" : "LAB_Kiểm tra độ bền_kt-0",
    "sampleCount" : 300,
    "errorCount" : 0,
    "errorPct" : 0.0,
    "meanResTime" : 39.56666666666667,
    "medianResTime" : 32.0,
    "minResTime" : 25.0,
    "maxResTime" : 980.0,
    "pct1ResTime" : 49.0,
    "pct2ResTime" : 58.0,
    "pct3ResTime" : 135.64000000000033,
    "throughput" : 8.232937237575126,
    "receivedKBytesPerSec" : 8.868095481489613,
    "sentKBytesPerSec" : 3.0712715085485334
  },
  "LAB_Kiểm tra độ bền_kt-1" : {
    "transaction" : "LAB_Kiểm tra độ bền_kt-1",
    "sampleCount" : 300,
    "errorCount" : 0,
    "errorPct" : 0.0,
    "meanResTime" : 50.763333333333335,
    "medianResTime" : 44.0,
    "minResTime" : 31.0,
    "maxResTime" : 1060.0,
    "pct1ResTime" : 61.0,
    "pct2ResTime" : 69.0,
    "pct3ResTime" : 114.79000000000019,
    "throughput" : 8.228195282501371,
    "receivedKBytesPerSec" : 7.6978623834339,
    "sentKBytesPerSec" : 2.7641593527153043
  },
  "LAB_Kiểm tra độ bền_kt-2" : {
    "transaction" : "LAB_Kiểm tra độ bền_kt-2",
    "sampleCount" : 300,
    "errorCount" : 0,
    "errorPct" : 0.0,
    "meanResTime" : 34.94000000000002,
    "medianResTime" : 31.0,
    "minResTime" : 25.0,
    "maxResTime" : 105.0,
    "pct1ResTime" : 48.0,
    "pct2ResTime" : 55.94999999999999,
    "pct3ResTime" : 93.7800000000002,
    "throughput" : 8.228420966016621,
    "receivedKBytesPerSec" : 39.71177384184975,
    "sentKBytesPerSec" : 1.7999670863161357
  },
  "LAB_Kiểm tra độ dày_kt-0" : {
    "transaction" : "LAB_Kiểm tra độ dày_kt-0",
    "sampleCount" : 300,
    "errorCount" : 0,
    "errorPct" : 0.0,
    "meanResTime" : 35.100000000000016,
    "medianResTime" : 31.0,
    "minResTime" : 25.0,
    "maxResTime" : 134.0,
    "pct1ResTime" : 46.0,
    "pct2ResTime" : 54.0,
    "pct3ResTime" : 89.96000000000004,
    "throughput" : 8.287063893262617,
    "receivedKBytesPerSec" : 8.926397924090494,
    "sentKBytesPerSec" : 3.0914632883069526
  },