{
  "MD Sản xuất_Delete-2" : {
    "transaction" : "MD Sản xuất_Delete-2",
    "sampleCount" : 300,
    "errorCount" : 0,
    "errorPct" : 0.0,
    "meanResTime" : 34.29666666666667,
    "medianResTime" : 31.0,
    "minResTime" : 25.0,
    "maxResTime" : 98.0,
    "pct1ResTime" : 46.900000000000034,
    "pct2ResTime" : 51.94999999999999,
    "pct3ResTime" : 81.86000000000013,
    "throughput" : 22.153300841825434,
    "receivedKBytesPerSec" : 106.91563746123173,
    "sentKBytesPerSec" : 5.148911719096145
  },
  "MD Sản xuất_Update-1" : {
    "transaction" : "MD Sản xuất_Update-1",
    "sampleCount" : 300,
    "errorCount" : 0,
    "errorPct" : 0.0,
    "meanResTime" : 44.64333333333333,
    "medianResTime" : 43.0,
    "minResTime" : 30.0,
    "maxResTime" : 107.0,
    "pct1ResTime" : 55.0,
    "pct2ResTime" : 67.0,
    "pct3ResTime" : 84.97000000000003,
    "throughput" : 22.256843979523705,
    "receivedKBytesPerSec" : 20.952732027598486,
    "sentKBytesPerSec" : 7.607319719563766
  },
  "MD Sản xuất_Update-0" : {
    "transaction" : "MD Sản xuất_Update-0",
    "sampleCount" : 300,
    "errorCount" : 0,
    "errorPct" : 0.0,
    "meanResTime" : 34.83333333333333,
    "medianResTime" : 32.0,
    "minResTime" : 25.0,
    "maxResTime" : 98.0,
    "pct1ResTime" : 45.0,
    "pct2ResTime" : 56.799999999999955,
    "pct3ResTime" : 73.99000000000001,
    "throughput" : 22.286605749944286,
    "receivedKBytesPerSec" : 24.26715372186316,
    "sentKBytesPerSec" : 7.693667121684867
  },
  "MD Sản xuất_Update-2" : {
    "transaction" : "MD Sản xuất_Update-2",
    "sampleCount" : 300,
    "errorCount" : 0,
    "errorPct" : 0.0,
    "meanResTime" : 33.490000000000016,
    "medianResTime" : 31.0,
    "minResTime" : 25.0,
    "maxResTime" : 87.0,
    "pct1ResTime" : 43.0,
    "pct2ResTime" : 48.94999999999999,
    "pct3ResTime" : 66.91000000000008,
    "throughput" : 22.25519287833828,
    "receivedKBytesPerSec" : 107.4073859421365,
    "sentKBytesPerSec" : 4.933524202522255
  },
  "MD Sản xuất_Update" : {
    "transaction" : "MD Sản xuất_Update",
    "sampleCount" : 300,
    "errorCount" : 0,
    "errorPct" : 0.0,
    "meanResTime" : 113.12333333333332,
    "medianResTime" : 109.0,
    "minResTime" : 84.0,
    "maxResTime" : 254.0,
    "pct1ResTime" : 134.0,
    "pct2ResTime" : 143.95,
    "pct3ResTime" : 202.86000000000013,
    "throughput" : 22.119000221190003,
    "receivedKBytesPerSec" : 151.65771538376464,
    "sentKBytesPerSec" : 20.099345415837202
  },
  "MD Sản xuất_Add-1" : {
    "transaction" : "MD Sản xuất_Add-1",
    "sampleCount" : 300,
    "errorCount" : 0,
    "errorPct" : 0.0,
    "meanResTime" : 49.72999999999999,
    "medianResTime" : 43.0,
    "minResTime" : 31.0,
    "maxResTime" : 500.0,
    "pct1ResTime" : 56.0,
    "pct2ResTime" : 65.0,
    "pct3ResTime" : 452.7600000000002,
    "throughput" : 21.63721601153985,
    "receivedKBytesPerSec" : 20.369410385863684,
    "sentKBytesPerSec" : 7.395532816444284
  },
  "MD Sản xuất_Add-0" : {
    "transaction" : "MD Sản xuất_Add-0",
    "sampleCount" : 300,
    "errorCount" : 0,
    "errorPct" : 0.0,
    "meanResTime" : 34.50333333333333,
    "medianResTime" : 32.0,
    "minResTime" : 25.0,
    "maxResTime" : 77.0,
    "pct1ResTime" : 46.0,
    "pct2ResTime" : 51.89999999999998,
    "pct3ResTime" : 71.98000000000002,
    "throughput" : 21.690405610584918,
    "receivedKBytesPerSec" : 23.61797095293182,
    "sentKBytesPerSec" : 7.509032020461283
  },
  "MD Sản xuất_Delete" : {
    "transaction" : "MD Sản xuất_Delete",
    "sampleCount" : 300,
    "errorCount" : 0,
    "errorPct" : 0.0,
    "meanResTime" : 113.43666666666665,
    "medianResTime" : 109.0,
    "minResTime" : 85.0,
    "maxResTime" : 245.0,
    "pct1ResTime" : 137.0,
    "pct2ResTime" : 148.0,
    "pct3ResTime" : 228.6600000000003,
    "throughput" : 22.02481462447691,
    "receivedKBytesPerSec" : 152.34547068864254,
    "sentKBytesPerSec" : 19.89546242933705
  },
  "MD Sản xuất_Delete-0" : {
    "transaction" : "MD Sản xuất_Delete-0",
    "sampleCount" : 300,
    "errorCount" : 0,
    "errorPct" : 0.0,
    "meanResTime" : 34.55999999999999,
    "medianResTime" : 32.0,
    "minResTime" : 25.0,
    "maxResTime" : 109.0,
    "pct1ResTime" : 45.900000000000034,
    "pct2ResTime" : 50.94999999999999,
    "pct3ResTime" : 78.91000000000008,
    "throughput" : 22.18770800976259,
    "receivedKBytesPerSec" : 25.026174561792764,
    "sentKBytesPerSec" : 6.9119910694475255
  },
  "MD Sản xuất_Add" : {
    "transaction" : "MD Sản xuất_Add",
    "sampleCount" : 300,
    "errorCount" : 0,
    "errorPct" : 0.0,
    "meanResTime" : 118.4066666666667,
    "medianResTime" : 109.0,
    "minResTime" : 86.0,
    "maxResTime" : 584.0,
    "pct1ResTime" : 133.90000000000003,
    "pct2ResTime" : 154.0,
    "pct3ResTime" : 568.7800000000002,
    "throughput" : 21.48997134670487,
    "receivedKBytesPerSec" : 147.3448133058739,
    "sentKBytesPerSec" : 19.54873858345272
  },
  "MD Sản xuất_Add-2" : {
    "transaction" : "MD Sản xuất_Add-2",
    "sampleCount" : 300,
    "errorCount" : 0,
    "errorPct" : 0.0,
    "meanResTime" : 33.949999999999996,
    "medianResTime" : 31.0,
    "minResTime" : 25.0,
    "maxResTime" : 98.0,
    "pct1ResTime" : 44.900000000000034,
    "pct2ResTime" : 50.94999999999999,
    "pct3ResTime" : 71.93000000000006,
    "throughput" : 22.323089515588958,
    "receivedKBytesPerSec" : 107.7350667832428,
    "sentKBytesPerSec" : 4.948575507850286
  },
  "MD Sản xuất_Delete-1" : {
    "transaction" : "MD Sản xuất_Delete-1",
    "sampleCount" : 300,
    "errorCount" : 0,
    "errorPct" : 0.0,
    "meanResTime" : 44.440000000000026,
    "medianResTime" : 42.0,
    "minResTime" : 29.0,
    "maxResTime" : 102.0,
    "pct1ResTime" : 58.900000000000034,
    "pct2ResTime" : 66.94999999999999,
    "pct3ResTime" : 75.99000000000001,
    "throughput" : 22.168033695411218,
    "receivedKBytesPerSec" : 21.345391819995566,
    "sentKBytesPerSec" : 7.966637109288406
  },
  "Total" : {
    "transaction" : "Total",
    "sampleCount" : 4800,
    "errorCount" : 0,
    "errorPct" : 0.0,
    "meanResTime" : 105.6654166666664,
    "medianResTime" : 39.0,
    "minResTime" : 25.0,
    "maxResTime" : 15332.0,
    "pct1ResTime" : 114.0,
    "pct2ResTime" : 126.0,
    "pct3ResTime" : 203.98999999999978,
    "throughput" : 180.37653601893956,
    "receivedKBytesPerSec" : 619.7360818834317,
    "sentKBytesPerSec" : 78.91473450828605
  },
  "MD Sản xuất_View" : {
    "transaction" : "MD Sản xuất_View",
    "sampleCount" : 300,
    "errorCount" : 0,
    "errorPct" : 0.0,
    "meanResTime" : 500.71666666666715,
    "medianResTime" : 109.0,
    "minResTime" : 86.0,
    "maxResTime" : 15332.0,
    "pct1ResTime" : 155.0,
    "pct2ResTime" : 245.4999999999999,
    "pct3ResTime" : 15273.97,
    "throughput" : 11.497777096428024,
    "receivedKBytesPerSec" : 78.83387987697378,
    "sentKBytesPerSec" : 8.948953462747202
  },
  "MD Sản xuất_View-2" : {
    "transaction" : "MD Sản xuất_View-2",
    "sampleCount" : 300,
    "errorCount" : 0,
    "errorPct" : 0.0,
    "meanResTime" : 33.67333333333333,
    "medianResTime" : 31.5,
    "minResTime" : 25.0,
    "maxResTime" : 82.0,
    "pct1ResTime" : 44.0,
    "pct2ResTime" : 47.0,
    "pct3ResTime" : 73.98000000000002,
    "throughput" : 21.679433444139327,
    "receivedKBytesPerSec" : 104.6286719540396,
    "sentKBytesPerSec" : 4.805890031073855
  },
  "MD Sản xuất_View-1" : {
    "transaction" : "MD Sản xuất_View-1",
    "sampleCount" : 300,
    "errorCount" : 0,
    "errorPct" : 0.0,
    "meanResTime" : 44.50666666666666,
    "medianResTime" : 42.5,
    "minResTime" : 31.0,
    "maxResTime" : 128.0,
    "pct1ResTime" : 55.900000000000034,
    "pct2ResTime" : 63.849999999999966,
    "pct3ResTime" : 127.94000000000005,
    "throughput" : 21.553272505208707,
    "receivedKBytesPerSec" : 20.290385444356634,
    "sentKBytesPerSec" : 7.3668411883037574
  },
  "MD Sản xuất_View-0" : {
    "transaction" : "MD Sản xuất_View-0",