{
  "Phương pháp kiểm tra_Update-0" : {
    "transaction" : "Phương pháp kiểm tra_Update-0",
    "sampleCount" : 20,
    "errorCount" : 0,
    "errorPct" : 0.0,
    "meanResTime" : 82.49999999999999,
    "medianResTime" : 76.0,
    "minResTime" : 50.0,
    "maxResTime" : 155.0,
    "pct1ResTime" : 107.90000000000002,
    "pct2ResTime" : 152.69999999999996,
    "pct3ResTime" : 155.0,
    "throughput" : 2.105706464518846,
    "receivedKBytesPerSec" : 2.284609259844178,
    "sentKBytesPerSec" : 0.7670200305327438
  },
  "Phương pháp kiểm tra_Update-2" : {
    "transaction" : "Phương pháp kiểm tra_Update-2",
    "sampleCount" : 20,
    "errorCount" : 0,
    "errorPct" : 0.0,
    "meanResTime" : 54.550000000000004,
    "medianResTime" : 52.0,
    "minResTime" : 49.0,
    "maxResTime" : 94.0,
    "pct1ResTime" : 62.500000000000014,
    "pct2ResTime" : 92.44999999999997,
    "pct3ResTime" : 94.0,
    "throughput" : 2.114835571534313,
    "receivedKBytesPerSec" : 10.206559955588451,
    "sentKBytesPerSec" : 0.46675081949878394
  },
  "Phương pháp kiểm tra_Update-1" : {
    "transaction" : "Phương pháp kiểm tra_Update-1",
    "sampleCount" : 20,
    "errorCount" : 0,
    "errorPct" : 0.0,
    "meanResTime" : 71.6,
    "medianResTime" : 73.0,
    "minResTime" : 51.0,
    "maxResTime" : 105.0,
    "pct1ResTime" : 101.9,
    "pct2ResTime" : 104.85,
    "pct3ResTime" : 105.0,
    "throughput" : 2.103491796381994,
    "receivedKBytesPerSec" : 1.9761319415229281,
    "sentKBytesPerSec" : 0.7148585401766934
  },
  "Phương pháp kiểm tra_Delete-1" : {
    "transaction" : "Phương pháp kiểm tra_Delete-1",
    "sampleCount" : 20,
    "errorCount" : 0,
    "errorPct" : 0.0,
    "meanResTime" : 66.69999999999999,
    "medianResTime" : 52.0,
    "minResTime" : 49.0,
    "maxResTime" : 128.0,
    "pct1ResTime" : 102.00000000000003,
    "pct2ResTime" : 126.74999999999999,
    "pct3ResTime" : 128.0,
    "throughput" : 2.0896458050360462,
    "receivedKBytesPerSec" : 2.061076428795319,
    "sentKBytesPerSec" : 0.7999425347403615
  },
  "Phương pháp kiểm tra_View-0" : {
    "transaction" : "Phương pháp kiểm tra_View-0",
    "sampleCount" : 20,
    "errorCount" : 0,
    "errorPct" : 0.0,
    "meanResTime" : 296.3,
    "medianResTime" : 283.5,
    "minResTime" : 237.0,
    "maxResTime" : 423.0,
    "pct1ResTime" : 346.6,
    "pct2ResTime" : 419.19999999999993,
    "pct3ResTime" : 423.0,
    "throughput" : 2.032520325203252,
    "receivedKBytesPerSec" : 2.205205157520325,
    "sentKBytesPerSec" : 0.4346894054878049
  },
  "Phương pháp kiểm tra_Delete-2" : {
    "transaction" : "Phương pháp kiểm tra_Delete-2",
    "sampleCount" : 20,
    "errorCount" : 0,
    "errorPct" : 0.0,
    "meanResTime" : 70.3,
    "medianResTime" : 75.0,
    "minResTime" : 51.0,
    "maxResTime" : 92.0,
    "pct1ResTime" : 80.80000000000001,
    "pct2ResTime" : 91.44999999999999,
    "pct3ResTime" : 92.0,
    "throughput" : 2.088118605136772,
    "receivedKBytesPerSec" : 10.077619283775318,
    "sentKBytesPerSec" : 0.5097945813322197
  },
  "Phương pháp kiểm tra_View" : {
    "transaction" : "Phương pháp kiểm tra_View",
    "sampleCount" : 20,
    "errorCount" : 0,
    "errorPct" : 0.0,
    "meanResTime" : 435.85,
    "medianResTime" : 417.5,
    "minResTime" : 356.0,
    "maxResTime" : 626.0,
    "pct1ResTime" : 501.50000000000006,
    "pct2ResTime" : 619.8499999999999,
    "pct3ResTime" : 626.0,
    "throughput" : 2.0064205457463884,
    "receivedKBytesPerSec" : 13.745156375401285,
    "sentKBytesPerSec" : 1.5538002859149278
  },
  "Phương pháp kiểm tra_View-1" : {
    "transaction" : "Phương pháp kiểm tra_View-1",
    "sampleCount" : 20,
    "errorCount" : 0,
    "errorPct" : 0.0,
    "meanResTime" : 64.8,
    "medianResTime" : 52.5,
    "minResTime" : 50.0,
    "maxResTime" : 122.0,
    "pct1ResTime" : 107.30000000000001,
    "pct2ResTime" : 121.29999999999998,
    "pct3ResTime" : 122.0,
    "throughput" : 2.112155454641462,
    "receivedKBytesPerSec" : 1.984271042348717,
    "sentKBytesPerSec" : 0.7178028302883093
  },
  "Phương pháp kiểm tra_View-2" : {
    "transaction" : "Phương pháp kiểm tra_View-2",
    "sampleCount" : 20,
    "errorCount" : 0,
    "errorPct" : 0.0,
    "meanResTime" : 74.7,
    "medianResTime" : 76.0,
    "minResTime" : 51.0,
    "maxResTime" : 95.0,
    "pct1ResTime" : 90.7,
    "pct2ResTime" : 94.8,
    "pct3ResTime" : 95.0,
    "throughput" : 2.1193175797393238,
    "receivedKBytesPerSec" : 10.228190897530995,
    "sentKBytesPerSec" : 0.4677400127159055
  },
  "Phương pháp kiểm tra_Delete-0" : {
    "transaction" : "Phương pháp kiểm tra_Delete-0",
    "sampleCount" : 20,
    "errorCount" : 0,
    "errorPct" : 0.0,
    "meanResTime" : 76.40000000000002,
    "medianResTime" : 75.5,
    "minResTime" : 46.0,
    "maxResTime" : 150.0,
    "pct1ResTime" : 115.10000000000007,
    "pct2ResTime" : 148.39999999999998,
    "pct3ResTime" : 150.0,
    "throughput" : 2.1021652301870923,
    "receivedKBytesPerSec" : 2.469633566323313,
    "sentKBytesPerSec" : 0.7082490277485811
  },
  "Phương pháp kiểm tra_Add" : {
    "transaction" : "Phương pháp kiểm tra_Add",
    "sampleCount" : 20,
    "errorCount" : 0,
    "errorPct" : 0.0,
    "meanResTime" : 212.80000000000004,
    "medianResTime" : 202.0,
    "minResTime" : 177.0,
    "maxResTime" : 272.0,
    "pct1ResTime" : 256.0,
    "pct2ResTime" : 271.2,
    "pct3ResTime" : 272.0,
    "throughput" : 2.083767451552407,
    "receivedKBytesPerSec" : 14.275028000625129,
    "sentKBytesPerSec" : 1.9230080485517815
  },
  "Phương pháp kiểm tra_Add-2" : {
    "transaction" : "Phương pháp kiểm tra_Add-2",
    "sampleCount" : 20,
    "errorCount" : 0,
    "errorPct" : 0.0,
    "meanResTime" : 68.05,
    "medianResTime" : 74.0,
    "minResTime" : 50.0,
    "maxResTime" : 85.0,
    "pct1ResTime" : 80.50000000000001,
    "pct2ResTime" : 84.8,
    "pct3ResTime" : 85.0,
    "throughput" : 2.1240441801189465,
    "receivedKBytesPerSec" : 10.251002283347493,
    "sentKBytesPerSec" : 0.46878318819031434
  },
  "Phương pháp kiểm tra_Add-1" : {
    "transaction" : "Phương pháp kiểm tra_Add-1",
    "sampleCount" : 20,
    "errorCount" : 0,
    "errorPct" : 0.0,
    "meanResTime" : 65.5,
    "medianResTime" : 54.0,
    "minResTime" : 39.0,
    "maxResTime" : 115.0,
    "pct1ResTime" : 106.60000000000001,
    "pct2ResTime" : 114.6,
    "pct3ResTime" : 115.0,
    "throughput" : 2.122015915119363,
    "receivedKBytesPerSec" : 1.9935344827586206,
    "sentKBytesPerSec" : 0.7211538461538461
  },
  "Phương pháp kiểm tra_Update" : {
    "transaction" : "Phương pháp kiểm tra_Update",
    "sampleCount" : 20,
    "errorCount" : 0,
    "errorPct" : 0.0,
    "meanResTime" : 208.85000000000002,
    "medianResTime" : 194.5,
    "minResTime" : 177.0,
    "maxResTime" : 307.0,
    "pct1ResTime" : 283.70000000000005,
    "pct2ResTime" : 306.0,
    "pct3ResTime" : 307.0,
    "throughput" : 2.0725388601036268,
    "receivedKBytesPerSec" : 14.198105569948186,
    "sentKBytesPerSec" : 1.916693652849741
  },
  "Phương pháp kiểm tra_Delete" : {
    "transaction" : "Phương pháp kiểm tra_Delete",
    "sampleCount" : 20,
    "errorCount" : 0,
    "errorPct" : 0.0,
    "meanResTime" : 213.5,
    "medianResTime" : 203.0,
    "minResTime" : 173.0,
    "maxResTime" : 310.0,
    "pct1ResTime" : 266.20000000000005,
    "pct2ResTime" : 307.84999999999997,
    "pct3ResTime" : 310.0,
    "throughput" : 2.067397146991937,
    "receivedKBytesPerSec" : 14.44553377610089,
    "sentKBytesPerSec" : 1.9926962735166427
  },
  "Phương pháp kiểm tra_Add-0" : {
    "transaction" : "Phương pháp kiểm tra_Add-0",
    "sampleCount" : 20,
    "errorCount" : 0,
    "errorPct" : 0.0,
    "meanResTime" : 79.24999999999999,
    "medianResTime" : 76.0,
    "minResTime" : 50.0,
    "maxResTime" : 111.0,
    "pct1ResTime" : 101.50000000000001,
    "pct2ResTime" : 110.55,
    "pct3ResTime" : 111.0,
    "throughput" : 2.1177467174925875,
    "receivedKBytesPerSec" : 2.2976724639983055,